job_id,asset_id,section_id,department,job_type,criticality,condition_score,age_days,days_since_last_maint,dept_code,safety_code,section_speed,section_length,is_statutory,latent_degradation_factor,true_priority,true_duration_p50,true_duration_p90,cost_of_waiting
HIST-JOB-00001,AST-ENG-0016,SEC-NDLS-GZB-UP,ENGINEERING,BALLAST_CLEANING_BCM,3,0.903,631,62,0,3,130,25.5,1,0.99,0.27,115,146,0.95
HIST-JOB-00002,AST-ENG-0113,SEC-NDLS-GZB-DN,ENGINEERING,TRACK_TAMPING_AND_ALIGNMENT,4,0.752,1012,268,0,3,130,25.5,0,0.527,0.446,99,138,2.34
HIST-JOB-00003,AST-S_A-0048,SEC-ALJN-CNB-UP,S_AND_T,SIGNAL_LED_ASPECT_REPLACEMENT,3,0.854,713,226,2,0,130,302.0,0,0.911,0.318,27,38,1.27
HIST-JOB-00004,AST-S_A-0194,SEC-NDLS-GZB-UP,S_AND_T,TRACK_CIRCUIT_TUNING_AND_CALIBRATION,5,0.561,1530,186,2,2,130,25.5,0,1.123,0.63,44,54,4.35
HIST-JOB-00005,AST-ENG-0120,SEC-ALJN-CNB-UP,ENGINEERING,TRACK_TAMPING_AND_ALIGNMENT,4,0.651,1541,305,0,3,130,302.0,0,0.906,0.533,91,127,3.22
HIST-JOB-00006,AST-ENG-0137,SEC-GZB-ALJN-DN,ENGINEERING,BALLAST_CLEANING_BCM,3,0.686,1198,242,0,3,140,106.0,0,1.089,0.407,108,166,1.98
HIST-JOB-00007,AST-ENG-0167,SEC-ALJN-CNB-UP,ENGINEERING,TRACK_TAMPING_AND_ALIGNMENT,4,0.855,1062,93,0,3,130,302.0,0,0.796,0.384,99,132,1.79
HIST-JOB-00008,AST-ENG-0162,SEC-NDLS-GZB-DN,ENGINEERING,TURNOUT_SWITCH_RENEWAL,5,0.661,191,171,0,2,130,25.5,0,1.047,0.61,70,112,4.11
HIST-JOB-00009,AST-TRD-0300,SEC-ALJN-CNB-DN,TRD,OHE_CONTACT_WIRE_INSPECTION,5,0.925,1939,83,1,1,130,302.0,0,0.5,0.443,60,108,2.31
HIST-JOB-00010,AST-S_A-0057,SEC-ALJN-CNB-UP,S_AND_T,AXLE_COUNTER_OUTDOOR_HEAD_TESTING,4,0.688,1695,195,2,2,130,302.0,0,1.187,0.609,24,41,4.1
HIST-JOB-00011,AST-ENG-0059,SEC-ALJN-CNB-DN,ENGINEERING,RAIL_FASTENING_REPLACEMENT,3,0.778,320,207,0,0,130,302.0,0,1.202,0.3,39,49,1.15
HIST-JOB-00012,AST-TRD-0092,SEC-ALJN-CNB-DN,TRD,CANTILEVER_ADJUSTMENT,3,0.879,1453,67,1,1,130,302.0,1,1.564,0.33,45,81,1.36
HIST-JOB-00013,AST-ENG-0166,SEC-ALJN-CNB-DN,ENGINEERING,BALLAST_CLEANING_BCM,3,0.968,874,88,0,3,130,302.0,0,0.893,0.247,118,145,0.81
HIST-JOB-00014,AST-S_A-0291,SEC-NDLS-GZB-UP,S_AND_T,INTERLOCKING_CABLE_MEGGERING,4,0.74,518,195,2,0,130,25.5,0,1.106,0.437,33,62,2.25
HIST-JOB-00015,AST-ENG-0217,SEC-NDLS-GZB-UP,ENGINEERING,TRACK_TAMPING_AND_ALIGNMENT,4,0.823,575,75,0,3,130,25.5,1,0.948,0.387,98,144,1.81
HIST-JOB-00016,AST-TRD-0062,SEC-ALJN-CNB-UP,TRD,OHE_CONTACT_WIRE_INSPECTION,5,0.798,883,169,1,1,130,302.0,0,0.5,0.548,68,99,3.39
HIST-JOB-00017,AST-TRD-0017,SEC-NDLS-GZB-DN,TRD,INSULATOR_WASHING_AND_REPLACEMENT,4,0.527,1002,311,1,1,130,25.5,0,1.047,0.606,39,57,4.06
HIST-JOB-00018,AST-TRD-0243,SEC-NDLS-GZB-UP,TRD,CROSSOVER_OHE_DROPPERS_MAINTENANCE,4,0.782,2165,131,1,1,130,25.5,0,1.094,0.485,65,93,2.72
HIST-JOB-00019,AST-TRD-0051,SEC-GZB-ALJN-DN,TRD,INSULATOR_WASHING_AND_REPLACEMENT,4,0.44,457,347,1,1,140,106.0,0,1.057,0.627,33,76,4.32
HIST-JOB-00020,AST-ENG-0143,SEC-GZB-ALJN-DN,ENGINEERING,TURNOUT_SWITCH_RENEWAL,5,0.868,1449,65,0,2,140,106.0,0,1.11,0.499,65,95,2.86
HIST-JOB-00021,AST-S_A-0086,SEC-NDLS-GZB-DN,S_AND_T,SIGNAL_LED_ASPECT_REPLACEMENT,3,0.948,461,35,2,0,130,25.5,1,1.07,0.25,20,42,0.82
HIST-JOB-00022,AST-S_A-0136,SEC-GZB-ALJN-DN,S_AND_T,AXLE_COUNTER_OUTDOOR_HEAD_TESTING,4,0.927,2031,119,2,2,140,106.0,1,0.745,0.315,22,52,1.25
HIST-JOB-00023,AST-S_A-0161,SEC-GZB-ALJN-UP,S_AND_T,SIGNAL_LED_ASPECT_REPLACEMENT,3,0.98,2053,89,2,0,140,106.0,1,0.5,0.26,34,44,0.89
HIST-JOB-00024,AST-ENG-0096,SEC-NDLS-GZB-UP,ENGINEERING,TURNOUT_SWITCH_RENEWAL,5,0.476,2012,267,0,2,130,25.5,1,1.163,0.696,68,92,5.21
HIST-JOB-00025,AST-ENG-0042,SEC-ALJN-CNB-UP,ENGINEERING,TRACK_TAMPING_AND_ALIGNMENT,4,0.882,1713,71,0,3,130,302.0,0,1.453,0.427,83,144,2.16
HIST-JOB-00026,AST-S_A-0154,SEC-ALJN-CNB-DN,S_AND_T,AXLE_COUNTER_OUTDOOR_HEAD_TESTING,4,0.833,1355,143,2,2,130,302.0,0,0.884,0.466,34,44,2.53
HIST-JOB-00027,AST-S_A-0260,SEC-GZB-ALJN-UP,S_AND_T,SIGNAL_LED_ASPECT_REPLACEMENT,3,0.551,98,244,2,0,140,106.0,1,1.528,0.481,34,44,2.68
HIST-JOB-00028,AST-TRD-0155,SEC-NDLS-GZB-DN,TRD,CANTILEVER_ADJUSTMENT,3,0.98,1489,45,1,1,130,25.5,1,0.778,0.232,54,87,0.72
HIST-JOB-00029,AST-ENG-0145,SEC-ALJN-CNB-DN,ENGINEERING,RAIL_WELD_ULTRASONIC_TESTING,4,0.845,484,78,0,0,130,302.0,0,1.086,0.407,41,68,1.98
HIST-JOB-00030,AST-TRD-0048,SEC-ALJN-CNB-DN,TRD,OHE_CONTACT_WIRE_INSPECTION,5,0.653,1464,114,1,1,130,302.0,0,1.523,0.554,60,86,3.45
HIST-JOB-00031,AST-S_A-0005,SEC-GZB-ALJN-UP,S_AND_T,AXLE_COUNTER_OUTDOOR_HEAD_TESTING,4,0.413,595,336,2,2,140,106.0,0,1.217,0.69,35,57,5.13
HIST-JOB-00032,AST-ENG-0022,SEC-NDLS-GZB-UP,ENGINEERING,BALLAST_CLEANING_BCM,3,0.727,670,289,0,3,130,25.5,0,0.981,0.41,115,149,2.01
HIST-JOB-00033,AST-TRD-0080,SEC-GZB-ALJN-UP,TRD,TRACTION_TRANSFORMER_OIL_TEST,4,0.574,223,193,1,1,140,106.0,1,1.359,0.581,59,83,3.76
HIST-JOB-00034,AST-TRD-0128,SEC-NDLS-GZB-DN,TRD,INSULATOR_WASHING_AND_REPLACEMENT,4,0.682,785,221,1,1,130,25.5,0,1.183,0.518,45,76,3.06
HIST-JOB-00035,AST-TRD-0115,SEC-NDLS-GZB-DN,TRD,CANTILEVER_ADJUSTMENT,3,0.7,218,250,1,1,130,25.5,0,1.028,0.43,46,72,2.19
HIST-JOB-00036,AST-ENG-0261,SEC-ALJN-CNB-DN,ENGINEERING,RAIL_WELD_ULTRASONIC_TESTING,4,0.508,851,214,0,0,130,302.0,0,1.454,0.668,45,71,4.84
HIST-JOB-00037,AST-S_A-0056,SEC-ALJN-CNB-DN,S_AND_T,TRACK_CIRCUIT_TUNING_AND_CALIBRATION,5,0.829,173,69,2,2,130,302.0,0,1.308,0.519,35,46,3.07
HIST-JOB-00038,AST-S_A-0131,SEC-GZB-ALJN-UP,S_AND_T,AXLE_COUNTER_OUTDOOR_HEAD_TESTING,4,0.668,1344,233,2,2,140,106.0,0,0.864,0.497,40,50,2.84
HIST-JOB-00039,AST-ENG-0064,SEC-ALJN-CNB-DN,ENGINEERING,TURNOUT_SWITCH_RENEWAL,5,0.761,867,196,0,2,130,302.0,0,0.721,0.477,71,100,2.64
HIST-JOB-00040,AST-TRD-0216,SEC-ALJN-CNB-UP,TRD,TRACTION_TRANSFORMER_OIL_TEST,4,0.322,1326,351,1,1,130,302.0,0,1.255,0.743,46,76,5.86
HIST-JOB-00041,AST-S_A-0165,SEC-ALJN-CNB-DN,S_AND_T,TRACK_CIRCUIT_TUNING_AND_CALIBRATION,5,0.58,1292,217,2,2,130,302.0,0,0.998,0.651,40,63,4.62
HIST-JOB-00042,AST-S_A-0044,SEC-GZB-ALJN-DN,S_AND_T,SIGNAL_LED_ASPECT_REPLACEMENT,3,0.622,1871,355,2,0,140,106.0,0,0.998,0.5,22,56,2.87
HIST-JOB-00043,AST-TRD-0126,SEC-ALJN-CNB-UP,TRD,TRACTION_TRANSFORMER_OIL_TEST,4,0.796,442,130,1,1,130,302.0,1,0.821,0.432,42,71,2.21
HIST-JOB-00044,AST-S_A-0205,SEC-ALJN-CNB-UP,S_AND_T,INTERLOCKING_CABLE_MEGGERING,4,0.653,358,243,2,0,130,302.0,1,0.842,0.55,44,70,3.41
HIST-JOB-00045,AST-TRD-0286,SEC-NDLS-GZB-DN,TRD,INSULATOR_WASHING_AND_REPLACEMENT,4,0.67,496,227,1,1,130,25.5,0,0.985,0.529,46,56,3.18
HIST-JOB-00046,AST-TRD-0227,SEC-NDLS-GZB-UP,TRD,INSULATOR_WASHING_AND_REPLACEMENT,4,0.854,1929,78,1,1,130,25.5,0,1.443,0.365,51,65,1.63
HIST-JOB-00047,AST-S_A-0123,SEC-ALJN-CNB-UP,S_AND_T,AXLE_COUNTER_OUTDOOR_HEAD_TESTING,4,0.706,2004,240,2,2,130,302.0,0,0.861,0.495,38,55,2.82
HIST-JOB-00048,AST-TRD-0078,SEC-GZB-ALJN-DN,TRD,CANTILEVER_ADJUSTMENT,3,0.8,377,156,1,1,140,106.0,0,1.188,0.387,39,69,1.81
HIST-JOB-00049,AST-TRD-0200,SEC-GZB-ALJN-DN,TRD,INSULATOR_WASHING_AND_REPLACEMENT,4,0.661,323,222,1,1,140,106.0,0,0.865,0.492,38,68,2.79
HIST-JOB-00050,AST-ENG-0280,SEC-ALJN-CNB-UP,ENGINEERING,RAIL_WELD_ULTRASONIC_TESTING,4,0.602,1618,254,0,0,130,302.0,0,1.172,0.56,50,77,3.52
HIST-JOB-00051,AST-TRD-0066,SEC-GZB-ALJN-DN,TRD,INSULATOR_WASHING_AND_REPLACEMENT,4,0.721,178,209,1,1,140,106.0,0,1.051,0.464,37,69,2.51
HIST-JOB-00052,AST-ENG-0195,SEC-GZB-ALJN-DN,ENGINEERING,RAIL_WELD_ULTRASONIC_TESTING,4,0.886,171,52,0,0,140,106.0,0,1.323,0.376,38,68,1.72
HIST-JOB-00053,AST-TRD-0010,SEC-NDLS-GZB-DN,TRD,CROSSOVER_OHE_DROPPERS_MAINTENANCE,4,0.836,1612,152,1,1,130,25.5,0,0.782,0.419,49,90,2.09
HIST-JOB-00054,AST-ENG-0103,SEC-GZB-ALJN-UP,ENGINEERING,TURNOUT_SWITCH_RENEWAL,5,0.762,978,342,0,2,140,106.0,1,0.528,0.574,52,97,3.68
HIST-JOB-00055,AST-ENG-0059,SEC-ALJN-CNB-UP,ENGINEERING,RAIL_WELD_ULTRASONIC_TESTING,4,0.549,528,298,0,0,130,302.0,0,1.075,0.622,48,65,4.25
HIST-JOB-00056,AST-ENG-0102,SEC-GZB-ALJN-UP,ENGINEERING,DE-STRESSING_CWR_TRACK,5,0.526,502,306,0,0,140,106.0,0,0.91,0.689,84,122,5.11
HIST-JOB-00057,AST-ENG-0178,SEC-ALJN-CNB-UP,ENGINEERING,TRACK_TAMPING_AND_ALIGNMENT,4,0.739,477,164,0,3,130,302.0,1,0.872,0.501,100,126,2.88
HIST-JOB-00058,AST-S_A-0222,SEC-ALJN-CNB-DN,S_AND_T,AXLE_COUNTER_OUTDOOR_HEAD_TESTING,4,0.916,1577,45,2,2,130,302.0,0,0.726,0.369,37,47,1.66
HIST-JOB-00059,AST-S_A-0248,SEC-ALJN-CNB-DN,S_AND_T,POINT_MACHINE_MOTOR_OVERHAUL,5,0.457,686,232,2,2,130,302.0,0,1.215,0.742,61,87,5.84
HIST-JOB-00060,AST-S_A-0238,SEC-GZB-ALJN-DN,S_AND_T,SIGNAL_LED_ASPECT_REPLACEMENT,3,0.801,1159,175,2,0,140,106.0,1,1.272,0.314,31,42,1.24
HIST-JOB-00061,AST-S_A-0142,SEC-GZB-ALJN-UP,S_AND_T,TRACK_CIRCUIT_TUNING_AND_CALIBRATION,5,0.314,804,259,2,2,140,106.0,1,1.48,0.824,46,67,7.06
HIST-JOB-00062,AST-ENG-0244,SEC-ALJN-CNB-UP,ENGINEERING,RAIL_WELD_ULTRASONIC_TESTING,4,0.891,842,53,0,0,130,302.0,0,1.434,0.416,44,82,2.06
HIST-JOB-00063,AST-S_A-0272,SEC-GZB-ALJN-DN,S_AND_T,INTERLOCKING_CABLE_MEGGERING,4,0.657,967,217,2,0,140,106.0,0,1.029,0.517,47,72,3.05
HIST-JOB-00064,AST-S_A-0099,SEC-GZB-ALJN-DN,S_AND_T,POINT_MACHINE_MOTOR_OVERHAUL,5,0.713,1414,190,2,2,140,106.0,0,0.8,0.549,45,93,3.4
HIST-JOB-00065,AST-TRD-0145,SEC-NDLS-GZB-UP,TRD,CROSSOVER_OHE_DROPPERS_MAINTENANCE,4,0.748,818,108,1,1,130,25.5,0,0.973,0.478,63,94,2.65
HIST-JOB-00066,AST-ENG-0024,SEC-NDLS-GZB-DN,ENGINEERING,BALLAST_CLEANING_BCM,3,0.801,1273,126,0,3,130,25.5,0,1.281,0.379,106,153,1.74
HIST-JOB-00067,AST-ENG-0095,SEC-ALJN-CNB-UP,ENGINEERING,TURNOUT_SWITCH_RENEWAL,5,0.98,2070,62,0,2,130,302.0,0,0.843,0.439,66,100,2.27
HIST-JOB-00068,AST-ENG-0028,SEC-GZB-ALJN-UP,ENGINEERING,TURNOUT_SWITCH_RENEWAL,5,0.923,2016,68,0,2,140,106.0,1,0.766,0.419,72,111,2.09
HIST-JOB-00069,AST-ENG-0268,SEC-NDLS-GZB-DN,ENGINEERING,RAIL_FASTENING_REPLACEMENT,3,0.725,408,137,0,0,130,25.5,0,1.229,0.443,41,51,2.31
HIST-JOB-00070,AST-S_A-0051,SEC-GZB-ALJN-DN,S_AND_T,TRACK_CIRCUIT_TUNING_AND_CALIBRATION,5,0.696,1873,162,2,2,140,106.0,0,1.288,0.512,46,56,3.0
HIST-JOB-00071,AST-TRD-0241,SEC-ALJN-CNB-DN,TRD,OHE_CONTACT_WIRE_INSPECTION,5,0.794,703,132,1,1,130,302.0,1,1.089,0.529,66,107,3.18
HIST-JOB-00072,AST-TRD-0102,SEC-NDLS-GZB-UP,TRD,TRACTION_TRANSFORMER_OIL_TEST,4,0.734,1008,157,1,1,130,25.5,0,1.088,0.435,49,78,2.24
HIST-JOB-00073,AST-S_A-0225,SEC-NDLS-GZB-UP,S_AND_T,AXLE_COUNTER_OUTDOOR_HEAD_TESTING,4,0.906,1148,82,2,2,130,25.5,0,0.653,0.393,40,50,1.86
HIST-JOB-00074,AST-ENG-0021,SEC-GZB-ALJN-DN,ENGINEERING,BALLAST_CLEANING_BCM,3,0.792,1305,216,0,3,140,106.0,0,1.065,0.352,104,164,1.53
HIST-JOB-00075,AST-S_A-0138,SEC-ALJN-CNB-DN,S_AND_T,AXLE_COUNTER_OUTDOOR_HEAD_TESTING,4,0.857,434,127,2,2,130,302.0,0,0.917,0.461,22,61,2.48
HIST-JOB-00076,AST-ENG-0252,SEC-NDLS-GZB-DN,ENGINEERING,TURNOUT_SWITCH_RENEWAL,5,0.503,1987,275,0,2,130,25.5,1,0.887,0.644,70,103,4.53
HIST-JOB-00077,AST-ENG-0019,SEC-GZB-ALJN-DN,ENGINEERING,TRACK_TAMPING_AND_ALIGNMENT,4,0.912,488,92,0,3,140,106.0,0,0.87,0.351,94,142,1.52
HIST-JOB-00078,AST-S_A-0278,SEC-NDLS-GZB-UP,S_AND_T,SIGNAL_LED_ASPECT_REPLACEMENT,3,0.749,1348,139,2,0,130,25.5,0,1.337,0.462,33,43,2.49
HIST-JOB-00079,AST-S_A-0225,SEC-GZB-ALJN-DN,S_AND_T,SIGNAL_LED_ASPECT_REPLACEMENT,3,0.551,2101,330,2,0,140,106.0,0,1.285,0.5,21,44,2.87
HIST-JOB-00080,AST-S_A-0283,SEC-NDLS-GZB-UP,S_AND_T,INTERLOCKING_CABLE_MEGGERING,4,0.478,178,332,2,0,130,25.5,1,1.029,0.619,49,59,4.22
HIST-JOB-00081,AST-S_A-0140,SEC-NDLS-GZB-UP,S_AND_T,AXLE_COUNTER_OUTDOOR_HEAD_TESTING,4,0.689,524,246,2,2,130,25.5,1,1.076,0.548,31,56,3.39
HIST-JOB-00082,AST-S_A-0070,SEC-GZB-ALJN-DN,S_AND_T,AXLE_COUNTER_OUTDOOR_HEAD_TESTING,4,0.806,1994,134,2,2,140,106.0,1,0.882,0.441,41,56,2.29
HIST-JOB-00083,AST-ENG-0251,SEC-GZB-ALJN-UP,ENGINEERING,TRACK_TAMPING_AND_ALIGNMENT,4,0.502,1452,269,0,3,140,106.0,0,1.07,0.619,100,143,4.22
HIST-JOB-00084,AST-ENG-0123,SEC-GZB-ALJN-DN,ENGINEERING,RAIL_FASTENING_REPLACEMENT,3,0.759,2043,186,0,0,140,106.0,0,1.018,0.429,32,46,2.18
HIST-JOB-00085,AST-S_A-0254,SEC-NDLS-GZB-DN,S_AND_T,TRACK_CIRCUIT_TUNING_AND_CALIBRATION,5,0.434,1363,252,2,2,130,25.5,0,1.159,0.724,47,57,5.59
HIST-JOB-00086,AST-ENG-0234,SEC-NDLS-GZB-DN,ENGINEERING,TURNOUT_SWITCH_RENEWAL,5,0.671,2117,312,0,2,130,25.5,0,0.561,0.609,55,106,4.1
HIST-JOB-00087,AST-ENG-0042,SEC-ALJN-CNB-DN,ENGINEERING,RAIL_WELD_ULTRASONIC_TESTING,4,0.972,692,48,0,0,130,302.0,0,1.312,0.259,49,80,0.88
HIST-JOB-00088,AST-TRD-0036,SEC-ALJN-CNB-DN,TRD,CROSSOVER_OHE_DROPPERS_MAINTENANCE,4,0.659,1616,172,1,1,130,302.0,0,1.126,0.48,64,76,2.67
HIST-JOB-00089,AST-TRD-0086,SEC-ALJN-CNB-DN,TRD,INSULATOR_WASHING_AND_REPLACEMENT,4,0.895,991,56,1,1,130,302.0,0,0.918,0.371,35,69,1.68
HIST-JOB-00090,AST-TRD-0272,SEC-NDLS-GZB-UP,TRD,TRACTION_TRANSFORMER_OIL_TEST,4,0.741,248,176,1,1,130,25.5,0,1.046,0.451,46,77,2.39
HIST-JOB-00091,AST-S_A-0074,SEC-ALJN-CNB-UP,S_AND_T,AXLE_COUNTER_OUTDOOR_HEAD_TESTING,4,0.909,777,50,2,2,130,302.0,0,0.935,0.352,37,58,1.53
HIST-JOB-00092,AST-TRD-0280,SEC-GZB-ALJN-DN,TRD,INSULATOR_WASHING_AND_REPLACEMENT,4,0.698,1100,245,1,1,140,106.0,0,0.844,0.505,41,76,2.92
HIST-JOB-00093,AST-ENG-0197,SEC-NDLS-GZB-UP,ENGINEERING,DE-STRESSING_CWR_TRACK,5,0.53,1285,337,0,0,130,25.5,0,0.785,0.727,81,116,5.63
HIST-JOB-00094,AST-S_A-0203,SEC-NDLS-GZB-UP,S_AND_T,INTERLOCKING_CABLE_MEGGERING,4,0.68,1031,205,2,0,130,25.5,0,0.91,0.495,41,55,2.82
HIST-JOB-00095,AST-TRD-0181,SEC-NDLS-GZB-UP,TRD,CANTILEVER_ADJUSTMENT,3,0.747,260,320,1,1,130,25.5,0,0.652,0.39,44,84,1.84
HIST-JOB-00096,AST-TRD-0050,SEC-ALJN-CNB-DN,TRD,INSULATOR_WASHING_AND_REPLACEMENT,4,0.748,838,327,1,1,130,302.0,0,0.527,0.522,36,75,3.1
HIST-JOB-00097,AST-ENG-0068,SEC-GZB-ALJN-UP,ENGINEERING,TURNOUT_SWITCH_RENEWAL,5,0.847,1554,77,0,2,140,106.0,0,1.016,0.513,57,96,3.01
HIST-JOB-00098,AST-S_A-0174,SEC-ALJN-CNB-UP,S_AND_T,POINT_MACHINE_MOTOR_OVERHAUL,5,0.712,2115,149,2,2,130,302.0,0,1.112,0.553,57,79,3.44
HIST-JOB-00099,AST-ENG-0047,SEC-GZB-ALJN-DN,ENGINEERING,BALLAST_CLEANING_BCM,3,0.553,984,356,0,3,140,106.0,0,1.134,0.495,119,156,2.82
HIST-JOB-00100,AST-S_A-0196,SEC-NDLS-GZB-UP,S_AND_T,TRACK_CIRCUIT_TUNING_AND_CALIBRATION,5,0.768,1143,284,2,2,130,25.5,0,0.5,0.559,35,63,3.51
HIST-JOB-00101,AST-S_A-0210,SEC-NDLS-GZB-UP,S_AND_T,POINT_MACHINE_MOTOR_OVERHAUL,5,0.447,1403,322,2,2,130,25.5,0,0.872,0.734,51,90,5.73
HIST-JOB-00102,AST-ENG-0199,SEC-NDLS-GZB-DN,ENGINEERING,BALLAST_CLEANING_BCM,3,0.95,245,29,0,3,130,25.5,1,1.089,0.303,119,149,1.17
HIST-JOB-00103,AST-S_A-0209,SEC-GZB-ALJN-UP,S_AND_T,SIGNAL_LED_ASPECT_REPLACEMENT,3,0.669,1776,310,2,0,140,106.0,0,0.803,0.438,20,50,2.26
HIST-JOB-00104,AST-TRD-0189,SEC-NDLS-GZB-UP,TRD,CANTILEVER_ADJUSTMENT,3,0.795,1577,121,1,1,130,25.5,0,0.855,0.389,40,86,1.83
HIST-JOB-00105,AST-S_A-0171,SEC-NDLS-GZB-UP,S_AND_T,POINT_MACHINE_MOTOR_OVERHAUL,5,0.631,560,242,2,2,130,25.5,0,0.87,0.639,42,71,4.47
HIST-JOB-00106,AST-TRD-0076,SEC-NDLS-GZB-DN,TRD,INSULATOR_WASHING_AND_REPLACEMENT,4,0.953,900,45,1,1,130,25.5,0,1.094,0.315,39,65,1.25
HIST-JOB-00107,AST-ENG-0008,SEC-GZB-ALJN-UP,ENGINEERING,RAIL_WELD_ULTRASONIC_TESTING,4,0.528,592,286,0,0,140,106.0,0,1.088,0.603,37,64,4.02
HIST-JOB-00108,AST-S_A-0033,SEC-NDLS-GZB-DN,S_AND_T,POINT_MACHINE_MOTOR_OVERHAUL,5,0.968,1386,18,2,2,130,25.5,0,1.155,0.428,58,73,2.17
HIST-JOB-00109,AST-S_A-0235,SEC-GZB-ALJN-DN,S_AND_T,INTERLOCKING_CABLE_MEGGERING,4,0.582,506,241,2,0,140,106.0,1,1.053,0.498,48,64,2.85
HIST-JOB-00110,AST-ENG-0042,SEC-NDLS-GZB-UP,ENGINEERING,RAIL_WELD_ULTRASONIC_TESTING,4,0.673,2021,215,0,0,130,25.5,0,0.985,0.523,51,62,3.11
HIST-JOB-00111,AST-TRD-0051,SEC-ALJN-CNB-UP,TRD,CROSSOVER_OHE_DROPPERS_MAINTENANCE,4,0.694,1391,205,1,1,130,302.0,0,1.077,0.54,66,88,3.3
HIST-JOB-00112,AST-ENG-0213,SEC-ALJN-CNB-DN,ENGINEERING,BALLAST_CLEANING_BCM,3,0.723,940,230,0,3,130,302.0,0,0.99,0.413,116,157,2.04
HIST-JOB-00113,AST-ENG-0222,SEC-GZB-ALJN-UP,ENGINEERING,BALLAST_CLEANING_BCM,3,0.962,1593,88,0,3,140,106.0,1,0.669,0.25,104,147,0.82
HIST-JOB-00114,AST-ENG-0063,SEC-ALJN-CNB-DN,ENGINEERING,BALLAST_CLEANING_BCM,3,0.889,1586,76,0,3,130,302.0,0,0.739,0.293,112,166,1.1
HIST-JOB-00115,AST-S_A-0109,SEC-GZB-ALJN-UP,S_AND_T,AXLE_COUNTER_OUTDOOR_HEAD_TESTING,4,0.858,1792,36,2,2,140,106.0,0,1.417,0.445,40,56,2.33
HIST-JOB-00116,AST-ENG-0294,SEC-ALJN-CNB-DN,ENGINEERING,RAIL_FASTENING_REPLACEMENT,3,0.894,2035,124,0,0,130,302.0,0,0.933,0.281,25,48,1.02
HIST-JOB-00117,AST-TRD-0159,SEC-GZB-ALJN-DN,TRD,INSULATOR_WASHING_AND_REPLACEMENT,4,0.263,167,321,1,1,140,106.0,0,1.381,0.813,37,63,6.89
HIST-JOB-00118,AST-TRD-0016,SEC-GZB-ALJN-UP,TRD,CROSSOVER_OHE_DROPPERS_MAINTENANCE,4,0.917,85,102,1,1,140,106.0,0,0.797,0.342,51,98,1.45
HIST-JOB-00119,AST-ENG-0044,SEC-ALJN-CNB-DN,ENGINEERING,TRACK_TAMPING_AND_ALIGNMENT,4,0.788,1918,184,0,3,130,302.0,0,0.762,0.461,100,144,2.48
HIST-JOB-00120,AST-ENG-0227,SEC-NDLS-GZB-DN,ENGINEERING,TURNOUT_SWITCH_RENEWAL,5,0.313,704,326,0,2,130,25.5,1,1.181,0.816,65,105,6.93
HIST-JOB-00121,AST-S_A-0158,SEC-GZB-ALJN-UP,S_AND_T,AXLE_COUNTER_OUTDOOR_HEAD_TESTING,4,0.689,1473,230,2,2,140,106.0,0,1.064,0.541,38,61,3.31
HIST-JOB-00122,AST-ENG-0149,SEC-NDLS-GZB-DN,ENGINEERING,TURNOUT_SWITCH_RENEWAL,5,0.309,1678,316,0,2,130,25.5,1,1.242,0.821,56,98,7.01
HIST-JOB-00123,AST-TRD-0204,SEC-NDLS-GZB-UP,TRD,CROSSOVER_OHE_DROPPERS_MAINTENANCE,4,0.846,779,76,1,1,130,25.5,0,1.414,0.378,58,77,1.74
HIST-JOB-00124,AST-ENG-0214,SEC-GZB-ALJN-DN,ENGINEERING,TURNOUT_SWITCH_RENEWAL,5,0.503,136,245,0,2,140,106.0,0,1.267,0.67,70,102,4.86
HIST-JOB-00125,AST-TRD-0125,SEC-NDLS-GZB-UP,TRD,TRACTION_TRANSFORMER_OIL_TEST,4,0.82,763,326,1,1,130,25.5,0,0.5,0.384,55,73,1.79
HIST-JOB-00126,AST-S_A-0087,SEC-ALJN-CNB-UP,S_AND_T,AXLE_COUNTER_OUTDOOR_HEAD_TESTING,4,0.626,1700,278,2,2,130,302.0,0,1.095,0.573,29,50,3.67
HIST-JOB-00127,AST-ENG-0053,SEC-ALJN-CNB-UP,ENGINEERING,TRACK_TAMPING_AND_ALIGNMENT,4,0.745,854,188,0,3,130,302.0,0,0.794,0.428,86,132,2.17
HIST-JOB-00128,AST-ENG-0253,SEC-GZB-ALJN-UP,ENGINEERING,RAIL_FASTENING_REPLACEMENT,3,0.784,868,98,0,0,140,106.0,0,1.507,0.339,27,60,1.43
HIST-JOB-00129,AST-S_A-0141,SEC-ALJN-CNB-UP,S_AND_T,SIGNAL_LED_ASPECT_REPLACEMENT,3,0.588,1383,331,2,0,130,302.0,0,1.017,0.474,37,47,2.61
HIST-JOB-00130,AST-ENG-0047,SEC-GZB-ALJN-UP,ENGINEERING,TURNOUT_SWITCH_RENEWAL,5,0.877,2138,47,0,2,140,106.0,1,1.246,0.504,61,92,2.91
HIST-JOB-00131,AST-S_A-0257,SEC-GZB-ALJN-DN,S_AND_T,TRACK_CIRCUIT_TUNING_AND_CALIBRATION,5,0.733,228,240,2,2,140,106.0,1,0.5,0.593,46,60,3.9
HIST-JOB-00132,AST-ENG-0089,SEC-NDLS-GZB-UP,ENGINEERING,RAIL_FASTENING_REPLACEMENT,3,0.973,1905,62,0,0,130,25.5,0,0.824,0.203,24,56,0.57
HIST-JOB-00133,AST-ENG-0027,SEC-NDLS-GZB-DN,ENGINEERING,TURNOUT_SWITCH_RENEWAL,5,0.596,710,196,0,2,130,25.5,0,0.798,0.625,62,111,4.29
HIST-JOB-00134,AST-TRD-0171,SEC-NDLS-GZB-UP,TRD,CROSSOVER_OHE_DROPPERS_MAINTENANCE,4,0.866,1410,58,1,1,130,25.5,0,1.146,0.39,66,79,1.84
HIST-JOB-00135,AST-ENG-0287,SEC-ALJN-CNB-UP,ENGINEERING,TRACK_TAMPING_AND_ALIGNMENT,4,0.565,1330,345,0,3,130,302.0,0,0.712,0.571,84,134,3.65
HIST-JOB-00136,AST-S_A-0217,SEC-ALJN-CNB-DN,S_AND_T,TRACK_CIRCUIT_TUNING_AND_CALIBRATION,5,0.859,1405,75,2,2,130,302.0,0,0.764,0.435,43,53,2.24
HIST-JOB-00137,AST-S_A-0040,SEC-NDLS-GZB-UP,S_AND_T,POINT_MACHINE_MOTOR_OVERHAUL,5,0.718,937,184,2,2,130,25.5,0,0.898,0.602,46,74,4.01
HIST-JOB-00138,AST-TRD-0068,SEC-NDLS-GZB-UP,TRD,TRACTION_TRANSFORMER_OIL_TEST,4,0.663,2139,286,1,1,130,25.5,1,0.907,0.469,52,89,2.56
HIST-JOB-00139,AST-S_A-0146,SEC-NDLS-GZB-DN,S_AND_T,TRACK_CIRCUIT_TUNING_AND_CALIBRATION,5,0.531,738,234,2,2,130,25.5,0,1.247,0.709,41,64,5.38
HIST-JOB-00140,AST-S_A-0293,SEC-NDLS-GZB-DN,S_AND_T,SIGNAL_LED_ASPECT_REPLACEMENT,3,0.872,1039,168,2,0,130,25.5,0,1.065,0.306,23,46,1.19
HIST-JOB-00141,AST-S_A-0129,SEC-GZB-ALJN-DN,S_AND_T,SIGNAL_LED_ASPECT_REPLACEMENT,3,0.608,2119,280,2,0,140,106.0,1,1.053,0.46,36,46,2.47
HIST-JOB-00142,AST-ENG-0043,SEC-ALJN-CNB-DN,ENGINEERING,TURNOUT_SWITCH_RENEWAL,5,0.591,2028,200,0,2,130,302.0,0,1.073,0.641,55,99,4.49
HIST-JOB-00143,AST-ENG-0213,SEC-GZB-ALJN-UP,ENGINEERING,DE-STRESSING_CWR_TRACK,5,0.942,1851,56,0,0,140,106.0,0,0.715,0.455,83,110,2.42
HIST-JOB-00144,AST-ENG-0051,SEC-GZB-ALJN-DN,ENGINEERING,TURNOUT_SWITCH_RENEWAL,5,0.666,2116,201,0,2,140,106.0,0,0.941,0.697,52,100,5.22
HIST-JOB-00145,AST-TRD-0132,SEC-NDLS-GZB-DN,TRD,CROSSOVER_OHE_DROPPERS_MAINTENANCE,4,0.891,1995,81,1,1,130,25.5,0,1.133,0.387,49,75,1.81
HIST-JOB-00146,AST-TRD-0235,SEC-NDLS-GZB-DN,TRD,OHE_CONTACT_WIRE_INSPECTION,5,0.918,1793,66,1,1,130,25.5,1,0.719,0.427,59,98,2.16
HIST-JOB-00147,AST-ENG-0181,SEC-NDLS-GZB-UP,ENGINEERING,TRACK_TAMPING_AND_ALIGNMENT,4,0.399,127,333,0,3,130,25.5,1,1.152,0.658,95,125,4.71
HIST-JOB-00148,AST-TRD-0279,SEC-ALJN-CNB-UP,TRD,INSULATOR_WASHING_AND_REPLACEMENT,4,0.841,1766,105,1,1,130,302.0,0,0.982,0.405,34,71,1.97
HIST-JOB-00149,AST-ENG-0054,SEC-GZB-ALJN-DN,ENGINEERING,RAIL_WELD_ULTRASONIC_TESTING,4,0.682,1644,201,0,0,140,106.0,0,1.052,0.511,48,67,2.99
HIST-JOB-00150,AST-TRD-0246,SEC-NDLS-GZB-DN,TRD,CROSSOVER_OHE_DROPPERS_MAINTENANCE,4,0.64,241,190,1,1,130,25.5,1,1.045,0.52,61,97,3.08
HIST-JOB-00151,AST-ENG-0159,SEC-NDLS-GZB-DN,ENGINEERING,DE-STRESSING_CWR_TRACK,5,0.955,1934,28,0,0,130,25.5,1,1.399,0.425,73,120,2.14
HIST-JOB-00152,AST-S_A-0170,SEC-ALJN-CNB-UP,S_AND_T,TRACK_CIRCUIT_TUNING_AND_CALIBRATION,5,0.784,1999,139,2,2,130,302.0,0,1.072,0.539,28,65,3.29
HIST-JOB-00153,AST-TRD-0255,SEC-NDLS-GZB-UP,TRD,CANTILEVER_ADJUSTMENT,3,0.681,1698,235,1,1,130,25.5,0,1.082,0.455,52,87,2.42
HIST-JOB-00154,AST-S_A-0151,SEC-ALJN-CNB-UP,S_AND_T,POINT_MACHINE_MOTOR_OVERHAUL,5,0.917,1152,52,2,2,130,302.0,0,0.848,0.438,47,87,2.26
HIST-JOB-00155,AST-TRD-0022,SEC-NDLS-GZB-UP,TRD,CROSSOVER_OHE_DROPPERS_MAINTENANCE,4,0.569,1315,238,1,1,130,25.5,0,1.322,0.553,58,89,3.44
HIST-JOB-00156,AST-S_A-0187,SEC-ALJN-CNB-UP,S_AND_T,POINT_MACHINE_MOTOR_OVERHAUL,5,0.724,1841,150,2,2,130,302.0,1,0.842,0.525,62,82,3.14
HIST-JOB-00157,AST-ENG-0291,SEC-NDLS-GZB-UP,ENGINEERING,DE-STRESSING_CWR_TRACK,5,0.98,1854,27,0,0,130,25.5,0,1.213,0.427,83,122,2.16
HIST-JOB-00158,AST-ENG-0071,SEC-ALJN-CNB-UP,ENGINEERING,TURNOUT_SWITCH_RENEWAL,5,0.226,688,357,0,2,130,302.0,1,1.131,0.873,54,108,7.83
HIST-JOB-00159,AST-S_A-0135,SEC-GZB-ALJN-DN,S_AND_T,POINT_MACHINE_MOTOR_OVERHAUL,5,0.98,524,23,2,2,140,106.0,0,0.92,0.409,59,73,2.0
HIST-JOB-00160,AST-TRD-0063,SEC-ALJN-CNB-DN,TRD,CANTILEVER_ADJUSTMENT,3,0.941,1887,119,1,1,130,302.0,0,0.707,0.275,52,71,0.98
HIST-JOB-00161,AST-ENG-0034,SEC-NDLS-GZB-UP,ENGINEERING,RAIL_FASTENING_REPLACEMENT,3,0.98,1883,54,0,0,130,25.5,0,0.5,0.281,33,62,1.02
HIST-JOB-00162,AST-TRD-0122,SEC-GZB-ALJN-UP,TRD,TRACTION_TRANSFORMER_OIL_TEST,4,0.772,705,336,1,1,140,106.0,0,0.5,0.482,48,74,2.69
HIST-JOB-00163,AST-S_A-0246,SEC-NDLS-GZB-UP,S_AND_T,INTERLOCKING_CABLE_MEGGERING,4,0.703,1974,292,2,0,130,25.5,1,0.791,0.541,44,77,3.31
HIST-JOB-00164,AST-S_A-0066,SEC-GZB-ALJN-DN,S_AND_T,AXLE_COUNTER_OUTDOOR_HEAD_TESTING,4,0.908,362,74,2,2,140,106.0,0,1.378,0.368,38,51,1.65
HIST-JOB-00165,AST-ENG-0266,SEC-NDLS-GZB-DN,ENGINEERING,DE-STRESSING_CWR_TRACK,5,0.969,286,73,0,0,130,25.5,1,0.5,0.393,79,121,1.86
HIST-JOB-00166,AST-TRD-0274,SEC-NDLS-GZB-UP,TRD,TRACTION_TRANSFORMER_OIL_TEST,4,0.81,1086,110,1,1,130,25.5,1,0.976,0.406,51,89,1.97
HIST-JOB-00167,AST-ENG-0015,SEC-ALJN-CNB-UP,ENGINEERING,TRACK_TAMPING_AND_ALIGNMENT,4,0.847,691,97,0,3,130,302.0,0,0.788,0.386,100,126,1.8
HIST-JOB-00168,AST-ENG-0280,SEC-NDLS-GZB-UP,ENGINEERING,TRACK_TAMPING_AND_ALIGNMENT,4,0.68,1144,343,0,3,130,25.5,0,0.665,0.55,82,140,3.41
HIST-JOB-00169,AST-TRD-0238,SEC-ALJN-CNB-DN,TRD,TRACTION_TRANSFORMER_OIL_TEST,4,0.685,1723,162,1,1,130,302.0,1,1.277,0.465,55,85,2.52
HIST-JOB-00170,AST-TRD-0067,SEC-GZB-ALJN-UP,TRD,OHE_CONTACT_WIRE_INSPECTION,5,0.678,648,170,1,1,140,106.0,0,1.11,0.573,63,97,3.67
HIST-JOB-00171,AST-S_A-0215,SEC-ALJN-CNB-UP,S_AND_T,POINT_MACHINE_MOTOR_OVERHAUL,5,0.882,1970,72,2,2,130,302.0,1,0.797,0.468,51,82,2.55
HIST-JOB-00172,AST-TRD-0256,SEC-NDLS-GZB-DN,TRD,INSULATOR_WASHING_AND_REPLACEMENT,4,0.466,1401,305,1,1,130,25.5,1,1.188,0.621,48,69,4.24
HIST-JOB-00173,AST-TRD-0254,SEC-GZB-ALJN-DN,TRD,TRACTION_TRANSFORMER_OIL_TEST,4,0.445,2130,244,1,1,140,106.0,0,1.596,0.673,43,79,4.9
HIST-JOB-00174,AST-S_A-0024,SEC-GZB-ALJN-UP,S_AND_T,INTERLOCKING_CABLE_MEGGERING,4,0.833,93,65,2,0,140,106.0,0,0.964,0.446,44,66,2.34
HIST-JOB-00175,AST-S_A-0061,SEC-NDLS-GZB-UP,S_AND_T,TRACK_CIRCUIT_TUNING_AND_CALIBRATION,5,0.916,1242,47,2,2,130,25.5,0,0.851,0.426,46,66,2.15
HIST-JOB-00176,AST-ENG-0261,SEC-NDLS-GZB-UP,ENGINEERING,RAIL_FASTENING_REPLACEMENT,3,0.75,1673,201,0,0,130,25.5,0,1.179,0.364,26,46,1.62
HIST-JOB-00177,AST-S_A-0164,SEC-ALJN-CNB-UP,S_AND_T,TRACK_CIRCUIT_TUNING_AND_CALIBRATION,5,0.511,1424,252,2,2,130,302.0,0,1.068,0.676,31,55,4.94
HIST-JOB-00178,AST-ENG-0244,SEC-GZB-ALJN-DN,ENGINEERING,DE-STRESSING_CWR_TRACK,5,0.399,1285,313,0,0,140,106.0,1,0.983,0.809,90,119,6.83
HIST-JOB-00179,AST-ENG-0243,SEC-GZB-ALJN-UP,ENGINEERING,RAIL_WELD_ULTRASONIC_TESTING,4,0.593,1766,308,0,0,140,106.0,0,0.941,0.541,57,67,3.31
HIST-JOB-00180,AST-TRD-0076,SEC-ALJN-CNB-DN,TRD,CANTILEVER_ADJUSTMENT,3,0.92,992,36,1,1,130,302.0,0,1.5,0.279,56,77,1.0
HIST-JOB-00181,AST-TRD-0257,SEC-NDLS-GZB-UP,TRD,INSULATOR_WASHING_AND_REPLACEMENT,4,0.955,841,19,1,1,130,25.5,0,0.651,0.318,38,68,1.27
HIST-JOB-00182,AST-S_A-0193,SEC-ALJN-CNB-DN,S_AND_T,INTERLOCKING_CABLE_MEGGERING,4,0.821,315,80,2,0,130,302.0,0,1.094,0.423,47,71,2.13
HIST-JOB-00183,AST-TRD-0248,SEC-NDLS-GZB-DN,TRD,CROSSOVER_OHE_DROPPERS_MAINTENANCE,4,0.648,1511,356,1,1,130,25.5,0,0.701,0.538,55,94,3.28
HIST-JOB-00184,AST-TRD-0107,SEC-NDLS-GZB-DN,TRD,OHE_CONTACT_WIRE_INSPECTION,5,0.646,1202,295,1,1,130,25.5,0,0.604,0.681,61,107,5.01
HIST-JOB-00185,AST-S_A-0075,SEC-GZB-ALJN-UP,S_AND_T,INTERLOCKING_CABLE_MEGGERING,4,0.85,1180,157,2,0,140,106.0,0,0.682,0.442,44,66,2.3
HIST-JOB-00186,AST-TRD-0104,SEC-NDLS-GZB-UP,TRD,TRACTION_TRANSFORMER_OIL_TEST,4,0.883,1238,50,1,1,130,25.5,0,1.26,0.417,57,76,2.07
HIST-JOB-00187,AST-TRD-0052,SEC-ALJN-CNB-UP,TRD,CANTILEVER_ADJUSTMENT,3,0.839,1040,134,1,1,130,302.0,0,0.955,0.398,44,66,1.9
HIST-JOB-00188,AST-S_A-0244,SEC-GZB-ALJN-UP,S_AND_T,AXLE_COUNTER_OUTDOOR_HEAD_TESTING,4,0.887,1994,61,2,2,140,106.0,0,1.17,0.373,27,53,1.69
HIST-JOB-00189,AST-S_A-0274,SEC-ALJN-CNB-DN,S_AND_T,INTERLOCKING_CABLE_MEGGERING,4,0.824,1375,156,2,0,130,302.0,1,1.201,0.386,50,62,1.8
HIST-JOB-00190,AST-ENG-0149,SEC-NDLS-GZB-DN,ENGINEERING,TURNOUT_SWITCH_RENEWAL,5,0.906,1771,100,0,2,130,25.5,0,0.567,0.453,67,95,2.4
HIST-JOB-00191,AST-ENG-0240,SEC-NDLS-GZB-UP,ENGINEERING,TURNOUT_SWITCH_RENEWAL,5,0.798,1432,155,0,2,130,25.5,0,0.898,0.48,56,106,2.67
HIST-JOB-00192,AST-TRD-0173,SEC-NDLS-GZB-DN,TRD,CANTILEVER_ADJUSTMENT,3,0.807,521,179,1,1,130,25.5,0,1.101,0.384,42,65,1.79
HIST-JOB-00193,AST-TRD-0245,SEC-ALJN-CNB-UP,TRD,TRACTION_TRANSFORMER_OIL_TEST,4,0.668,1720,228,1,1,130,302.0,0,0.925,0.506,47,74,2.93
HIST-JOB-00194,AST-TRD-0299,SEC-NDLS-GZB-DN,TRD,CROSSOVER_OHE_DROPPERS_MAINTENANCE,4,0.761,87,143,1,1,130,25.5,0,0.99,0.485,57,84,2.72
HIST-JOB-00195,AST-ENG-0160,SEC-GZB-ALJN-UP,ENGINEERING,RAIL_WELD_ULTRASONIC_TESTING,4,0.549,314,351,0,0,140,106.0,0,0.781,0.61,53,82,4.11
HIST-JOB-00196,AST-ENG-0192,SEC-ALJN-CNB-DN,ENGINEERING,BALLAST_CLEANING_BCM,3,0.73,1268,198,0,3,130,302.0,1,1.145,0.388,106,159,1.82
HIST-JOB-00197,AST-S_A-0271,SEC-ALJN-CNB-DN,S_AND_T,AXLE_COUNTER_OUTDOOR_HEAD_TESTING,4,0.841,954,136,2,2,130,302.0,0,0.731,0.398,38,54,1.9
HIST-JOB-00198,AST-S_A-0085,SEC-NDLS-GZB-UP,S_AND_T,POINT_MACHINE_MOTOR_OVERHAUL,5,0.98,519,41,2,2,130,25.5,1,0.695,0.355,59,74,1.55
HIST-JOB-00199,AST-TRD-0213,SEC-ALJN-CNB-UP,TRD,CROSSOVER_OHE_DROPPERS_MAINTENANCE,4,0.969,2062,56,1,1,130,302.0,1,0.647,0.365,51,91,1.63
HIST-JOB-00200,AST-S_A-0002,SEC-ALJN-CNB-UP,S_AND_T,SIGNAL_LED_ASPECT_REPLACEMENT,3,0.657,296,296,2,0,130,302.0,0,0.839,0.459,29,43,2.46
HIST-JOB-00201,AST-TRD-0147,SEC-ALJN-CNB-UP,TRD,OHE_CONTACT_WIRE_INSPECTION,5,0.371,321,287,1,1,130,302.0,1,1.235,0.847,67,86,7.42
HIST-JOB-00202,AST-S_A-0194,SEC-NDLS-GZB-DN,S_AND_T,AXLE_COUNTER_OUTDOOR_HEAD_TESTING,4,0.574,614,338,2,2,130,25.5,0,0.978,0.57,34,54,3.64
HIST-JOB-00203,AST-S_A-0066,SEC-NDLS-GZB-UP,S_AND_T,TRACK_CIRCUIT_TUNING_AND_CALIBRATION,5,0.413,604,344,2,2,130,25.5,0,0.849,0.762,39,61,6.13
HIST-JOB-00204,AST-TRD-0127,SEC-NDLS-GZB-UP,TRD,INSULATOR_WASHING_AND_REPLACEMENT,4,0.724,153,162,1,1,130,25.5,0,0.903,0.497,44,62,2.84
HIST-JOB-00205,AST-S_A-0106,SEC-GZB-ALJN-UP,S_AND_T,SIGNAL_LED_ASPECT_REPLACEMENT,3,0.98,522,26,2,0,140,106.0,0,1.091,0.263,20,42,0.9
HIST-JOB-00206,AST-ENG-0225,SEC-NDLS-GZB-UP,ENGINEERING,TRACK_TAMPING_AND_ALIGNMENT,4,0.686,197,238,0,3,130,25.5,1,0.757,0.481,83,137,2.68
HIST-JOB-00207,AST-TRD-0296,SEC-ALJN-CNB-UP,TRD,INSULATOR_WASHING_AND_REPLACEMENT,4,0.948,291,81,1,1,130,302.0,0,1.102,0.326,50,65,1.33
HIST-JOB-00208,AST-TRD-0286,SEC-NDLS-GZB-DN,TRD,CROSSOVER_OHE_DROPPERS_MAINTENANCE,4,0.928,1296,83,1,1,130,25.5,0,0.995,0.36,55,76,1.59
HIST-JOB-00209,AST-ENG-0214,SEC-ALJN-CNB-DN,ENGINEERING,DE-STRESSING_CWR_TRACK,5,0.661,252,186,0,0,130,302.0,0,0.862,0.645,82,132,4.54
HIST-JOB-00210,AST-S_A-0074,SEC-NDLS-GZB-DN,S_AND_T,AXLE_COUNTER_OUTDOOR_HEAD_TESTING,4,0.764,1288,202,2,2,130,25.5,0,0.866,0.496,29,49,2.83
HIST-JOB-00211,AST-S_A-0048,SEC-NDLS-GZB-UP,S_AND_T,SIGNAL_LED_ASPECT_REPLACEMENT,3,0.846,609,208,2,0,130,25.5,0,0.5,0.333,31,46,1.38
HIST-JOB-00212,AST-TRD-0287,SEC-NDLS-GZB-UP,TRD,OHE_CONTACT_WIRE_INSPECTION,5,0.542,1159,203,1,1,130,25.5,0,1.168,0.639,58,103,4.47
HIST-JOB-00213,AST-TRD-0105,SEC-GZB-ALJN-DN,TRD,OHE_CONTACT_WIRE_INSPECTION,5,0.98,1301,17,1,1,140,106.0,0,1.139,0.417,67,92,2.07
HIST-JOB-00214,AST-S_A-0263,SEC-NDLS-GZB-DN,S_AND_T,TRACK_CIRCUIT_TUNING_AND_CALIBRATION,5,0.638,1377,154,2,2,130,25.5,0,1.158,0.642,35,56,4.5
HIST-JOB-00215,AST-S_A-0075,SEC-GZB-ALJN-DN,S_AND_T,INTERLOCKING_CABLE_MEGGERING,4,0.668,1983,173,2,0,140,106.0,0,1.574,0.544,50,62,3.34
HIST-JOB-00216,AST-ENG-0282,SEC-GZB-ALJN-UP,ENGINEERING,RAIL_WELD_ULTRASONIC_TESTING,4,0.814,1770,161,0,0,140,106.0,0,0.877,0.454,44,75,2.41
HIST-JOB-00217,AST-TRD-0095,SEC-GZB-ALJN-UP,TRD,CROSSOVER_OHE_DROPPERS_MAINTENANCE,4,0.587,2069,245,1,1,140,106.0,1,1.024,0.594,64,90,3.92
HIST-JOB-00218,AST-ENG-0119,SEC-ALJN-CNB-UP,ENGINEERING,TURNOUT_SWITCH_RENEWAL,5,0.934,198,48,0,2,130,302.0,0,1.388,0.425,65,94,2.14
HIST-JOB-00219,AST-ENG-0250,SEC-ALJN-CNB-DN,ENGINEERING,TRACK_TAMPING_AND_ALIGNMENT,4,0.699,1927,201,0,3,130,302.0,0,1.102,0.54,97,146,3.3
HIST-JOB-00220,AST-ENG-0258,SEC-NDLS-GZB-UP,ENGINEERING,RAIL_WELD_ULTRASONIC_TESTING,4,0.98,1744,16,0,0,130,25.5,0,1.132,0.337,46,60,1.41
HIST-JOB-00221,AST-S_A-0041,SEC-NDLS-GZB-DN,S_AND_T,AXLE_COUNTER_OUTDOOR_HEAD_TESTING,4,0.8,669,133,2,2,130,25.5,0,1.088,0.453,30,52,2.4
HIST-JOB-00222,AST-S_A-0017,SEC-GZB-ALJN-DN,S_AND_T,POINT_MACHINE_MOTOR_OVERHAUL,5,0.301,1940,299,2,2,140,106.0,1,1.286,0.866,44,90,7.72
HIST-JOB-00223,AST-ENG-0170,SEC-GZB-ALJN-DN,ENGINEERING,TRACK_TAMPING_AND_ALIGNMENT,4,0.657,289,336,0,3,140,106.0,0,0.77,0.544,95,145,3.34
HIST-JOB-00224,AST-ENG-0024,SEC-ALJN-CNB-UP,ENGINEERING,BALLAST_CLEANING_BCM,3,0.879,234,127,0,3,130,302.0,0,1.009,0.371,117,153,1.68
HIST-JOB-00225,AST-ENG-0204,SEC-ALJN-CNB-DN,ENGINEERING,TRACK_TAMPING_AND_ALIGNMENT,4,0.743,194,101,0,3,130,302.0,0,1.478,0.498,100,129,2.85
HIST-JOB-00226,AST-ENG-0197,SEC-GZB-ALJN-UP,ENGINEERING,TRACK_TAMPING_AND_ALIGNMENT,4,0.61,725,298,0,3,140,106.0,0,0.906,0.611,99,135,4.12
HIST-JOB-00227,AST-ENG-0204,SEC-ALJN-CNB-DN,ENGINEERING,RAIL_FASTENING_REPLACEMENT,3,0.915,1476,37,0,0,130,302.0,1,0.952,0.309,41,59,1.21
HIST-JOB-00228,AST-TRD-0300,SEC-NDLS-GZB-UP,TRD,CROSSOVER_OHE_DROPPERS_MAINTENANCE,4,0.575,1179,240,1,1,130,25.5,0,1.105,0.577,60,80,3.72
HIST-JOB-00229,AST-S_A-0200,SEC-NDLS-GZB-UP,S_AND_T,TRACK_CIRCUIT_TUNING_AND_CALIBRATION,5,0.879,1069,47,2,2,130,25.5,0,1.029,0.488,47,57,2.75
HIST-JOB-00230,AST-TRD-0068,SEC-GZB-ALJN-UP,TRD,CROSSOVER_OHE_DROPPERS_MAINTENANCE,4,0.947,496,56,1,1,140,106.0,0,1.071,0.353,55,78,1.53
HIST-JOB-00231,AST-ENG-0167,SEC-NDLS-GZB-DN,ENGINEERING,TRACK_TAMPING_AND_ALIGNMENT,4,0.795,2158,218,0,3,130,25.5,0,0.711,0.453,101,144,2.4
HIST-JOB-00232,AST-S_A-0267,SEC-NDLS-GZB-UP,S_AND_T,TRACK_CIRCUIT_TUNING_AND_CALIBRATION,5,0.557,1255,221,2,2,130,25.5,0,1.065,0.674,34,63,4.92
HIST-JOB-00233,AST-ENG-0248,SEC-ALJN-CNB-DN,ENGINEERING,DE-STRESSING_CWR_TRACK,5,0.773,1293,147,0,0,130,302.0,0,0.9,0.525,85,119,3.14
HIST-JOB-00234,AST-ENG-0070,SEC-GZB-ALJN-UP,ENGINEERING,TRACK_TAMPING_AND_ALIGNMENT,4,0.792,1090,136,0,3,140,106.0,0,1.004,0.41,96,128,2.01
HIST-JOB-00235,AST-TRD-0070,SEC-NDLS-GZB-UP,TRD,TRACTION_TRANSFORMER_OIL_TEST,4,0.673,1616,178,1,1,130,25.5,0,1.213,0.487,62,89,2.74
HIST-JOB-00236,AST-TRD-0252,SEC-GZB-ALJN-UP,TRD,TRACTION_TRANSFORMER_OIL_TEST,4,0.551,882,255,1,1,140,106.0,0,1.097,0.661,51,93,4.75
HIST-JOB-00237,AST-TRD-0282,SEC-GZB-ALJN-UP,TRD,INSULATOR_WASHING_AND_REPLACEMENT,4,0.859,1669,196,1,1,140,106.0,0,0.672,0.434,49,60,2.23
HIST-JOB-00238,AST-ENG-0256,SEC-ALJN-CNB-DN,ENGINEERING,RAIL_WELD_ULTRASONIC_TESTING,4,0.762,1950,117,0,0,130,302.0,0,1.211,0.472,50,81,2.59
HIST-JOB-00239,AST-ENG-0206,SEC-ALJN-CNB-DN,ENGINEERING,RAIL_FASTENING_REPLACEMENT,3,0.797,691,226,0,0,130,302.0,0,0.938,0.365,37,58,1.63
HIST-JOB-00240,AST-S_A-0128,SEC-ALJN-CNB-UP,S_AND_T,AXLE_COUNTER_OUTDOOR_HEAD_TESTING,4,0.722,210,194,2,2,130,302.0,0,0.905,0.434,24,43,2.23
HIST-JOB-00241,AST-S_A-0262,SEC-NDLS-GZB-DN,S_AND_T,POINT_MACHINE_MOTOR_OVERHAUL,5,0.678,1696,179,2,2,130,25.5,1,0.955,0.624,50,77,4.28
HIST-JOB-00242,AST-TRD-0013,SEC-GZB-ALJN-DN,TRD,INSULATOR_WASHING_AND_REPLACEMENT,4,0.652,1592,210,1,1,140,106.0,0,0.943,0.539,36,66,3.29
HIST-JOB-00243,AST-S_A-0106,SEC-NDLS-GZB-UP,S_AND_T,INTERLOCKING_CABLE_MEGGERING,4,0.98,411,69,2,0,130,25.5,0,0.842,0.356,42,69,1.56
HIST-JOB-00244,AST-S_A-0059,SEC-GZB-ALJN-UP,S_AND_T,INTERLOCKING_CABLE_MEGGERING,4,0.887,2010,59,2,0,140,106.0,0,0.647,0.405,41,56,1.97
HIST-JOB-00245,AST-ENG-0119,SEC-GZB-ALJN-UP,ENGINEERING,RAIL_WELD_ULTRASONIC_TESTING,4,0.8,733,134,0,0,140,106.0,0,0.775,0.402,50,74,1.94
HIST-JOB-00246,AST-S_A-0231,SEC-ALJN-CNB-DN,S_AND_T,TRACK_CIRCUIT_TUNING_AND_CALIBRATION,5,0.787,815,105,2,2,130,302.0,1,0.968,0.503,46,56,2.9
HIST-JOB-00247,AST-S_A-0101,SEC-GZB-ALJN-DN,S_AND_T,AXLE_COUNTER_OUTDOOR_HEAD_TESTING,4,0.929,1200,42,2,2,140,106.0,0,1.174,0.315,33,50,1.25
HIST-JOB-00248,AST-S_A-0201,SEC-NDLS-GZB-UP,S_AND_T,SIGNAL_LED_ASPECT_REPLACEMENT,3,0.726,1134,353,2,0,130,25.5,0,0.791,0.376,36,47,1.72
HIST-JOB-00249,AST-ENG-0069,SEC-GZB-ALJN-UP,ENGINEERING,BALLAST_CLEANING_BCM,3,0.712,766,354,0,3,140,106.0,0,0.835,0.406,104,166,1.97
HIST-JOB-00250,AST-TRD-0071,SEC-NDLS-GZB-UP,TRD,CROSSOVER_OHE_DROPPERS_MAINTENANCE,4,0.835,1037,166,1,1,130,25.5,1,0.798,0.438,59,88,2.26
HIST-JOB-00251,AST-S_A-0028,SEC-GZB-ALJN-DN,S_AND_T,TRACK_CIRCUIT_TUNING_AND_CALIBRATION,5,0.44,769,294,2,2,140,106.0,1,1.14,0.748,41,64,5.93
HIST-JOB-00252,AST-S_A-0210,SEC-NDLS-GZB-UP,S_AND_T,POINT_MACHINE_MOTOR_OVERHAUL,5,0.843,2044,79,2,2,130,25.5,0,1.179,0.522,62,85,3.1
HIST-JOB-00253,AST-S_A-0116,SEC-GZB-ALJN-DN,S_AND_T,INTERLOCKING_CABLE_MEGGERING,4,0.887,745,52,2,0,140,106.0,0,0.933,0.339,33,63,1.43
HIST-JOB-00254,AST-TRD-0059,SEC-NDLS-GZB-DN,TRD,TRACTION_TRANSFORMER_OIL_TEST,4,0.638,1933,299,1,1,130,25.5,0,0.822,0.486,45,88,2.73
HIST-JOB-00255,AST-TRD-0153,SEC-ALJN-CNB-UP,TRD,CANTILEVER_ADJUSTMENT,3,0.681,230,235,1,1,130,302.0,1,1.106,0.344,57,72,1.46
HIST-JOB-00256,AST-ENG-0108,SEC-GZB-ALJN-DN,ENGINEERING,TURNOUT_SWITCH_RENEWAL,5,0.742,1136,188,0,2,140,106.0,0,0.783,0.545,55,97,3.35
HIST-JOB-00257,AST-S_A-0276,SEC-ALJN-CNB-DN,S_AND_T,POINT_MACHINE_MOTOR_OVERHAUL,5,0.806,630,115,2,2,130,302.0,0,0.797,0.537,59,78,3.27
HIST-JOB-00258,AST-ENG-0211,SEC-GZB-ALJN-UP,ENGINEERING,DE-STRESSING_CWR_TRACK,5,0.743,1258,158,0,0,140,106.0,0,0.583,0.522,75,114,3.1
HIST-JOB-00259,AST-ENG-0073,SEC-GZB-ALJN-UP,ENGINEERING,TURNOUT_SWITCH_RENEWAL,5,0.712,603,137,0,2,140,106.0,0,1.087,0.589,64,105,3.86
HIST-JOB-00260,AST-TRD-0264,SEC-ALJN-CNB-DN,TRD,CANTILEVER_ADJUSTMENT,3,0.686,1756,202,1,1,130,302.0,0,1.175,0.441,39,77,2.29
HIST-JOB-00261,AST-TRD-0235,SEC-ALJN-CNB-DN,TRD,CANTILEVER_ADJUSTMENT,3,0.748,2059,177,1,1,130,302.0,0,1.221,0.339,39,88,1.43
HIST-JOB-00262,AST-S_A-0173,SEC-NDLS-GZB-UP,S_AND_T,POINT_MACHINE_MOTOR_OVERHAUL,5,0.907,1689,121,2,2,130,25.5,0,0.752,0.445,52,79,2.33
HIST-JOB-00263,AST-ENG-0226,SEC-ALJN-CNB-UP,ENGINEERING,RAIL_FASTENING_REPLACEMENT,3,0.898,258,33,0,0,130,302.0,0,1.264,0.344,25,45,1.46
HIST-JOB-00264,AST-S_A-0141,SEC-NDLS-GZB-UP,S_AND_T,SIGNAL_LED_ASPECT_REPLACEMENT,3,0.932,1812,113,2,0,130,25.5,0,1.256,0.279,26,40,1.0
HIST-JOB-00265,AST-ENG-0047,SEC-ALJN-CNB-DN,ENGINEERING,TRACK_TAMPING_AND_ALIGNMENT,4,0.964,737,36,0,3,130,302.0,0,0.934,0.321,89,138,1.29
HIST-JOB-00266,AST-ENG-0005,SEC-NDLS-GZB-UP,ENGINEERING,BALLAST_CLEANING_BCM,3,0.733,934,254,0,3,130,25.5,0,1.129,0.419,116,145,2.09
HIST-JOB-00267,AST-TRD-0161,SEC-NDLS-GZB-UP,TRD,CROSSOVER_OHE_DROPPERS_MAINTENANCE,4,0.529,601,254,1,1,130,25.5,0,1.261,0.629,50,78,4.34
HIST-JOB-00268,AST-S_A-0272,SEC-GZB-ALJN-UP,S_AND_T,POINT_MACHINE_MOTOR_OVERHAUL,5,0.596,621,205,2,2,140,106.0,1,1.106,0.593,46,72,3.9
HIST-JOB-00269,AST-ENG-0045,SEC-ALJN-CNB-UP,ENGINEERING,RAIL_WELD_ULTRASONIC_TESTING,4,0.558,932,331,0,0,130,302.0,0,0.842,0.584,51,66,3.8
HIST-JOB-00270,AST-ENG-0142,SEC-NDLS-GZB-DN,ENGINEERING,BALLAST_CLEANING_BCM,3,0.825,564,311,0,3,130,25.5,0,0.5,0.317,106,152,1.26
HIST-JOB-00271,AST-ENG-0261,SEC-NDLS-GZB-DN,ENGINEERING,TRACK_TAMPING_AND_ALIGNMENT,4,0.621,1227,363,0,3,130,25.5,0,0.68,0.605,88,141,4.05
HIST-JOB-00272,AST-TRD-0198,SEC-ALJN-CNB-DN,TRD,OHE_CONTACT_WIRE_INSPECTION,5,0.64,1664,161,1,1,130,302.0,0,1.081,0.574,59,100,3.68
HIST-JOB-00273,AST-ENG-0188,SEC-NDLS-GZB-DN,ENGINEERING,BALLAST_CLEANING_BCM,3,0.859,109,194,0,3,130,25.5,0,0.664,0.339,120,158,1.43
HIST-JOB-00274,AST-ENG-0260,SEC-GZB-ALJN-DN,ENGINEERING,DE-STRESSING_CWR_TRACK,5,0.963,358,18,0,0,140,106.0,1,0.946,0.42,73,122,2.1
HIST-JOB-00275,AST-TRD-0159,SEC-ALJN-CNB-DN,TRD,TRACTION_TRANSFORMER_OIL_TEST,4,0.651,1794,215,1,1,130,302.0,0,0.901,0.562,50,72,3.54
HIST-JOB-00276,AST-ENG-0034,SEC-ALJN-CNB-UP,ENGINEERING,TRACK_TAMPING_AND_ALIGNMENT,4,0.811,892,89,0,3,130,302.0,0,1.153,0.427,102,146,2.16
HIST-JOB-00277,AST-TRD-0029,SEC-ALJN-CNB-DN,TRD,TRACTION_TRANSFORMER_OIL_TEST,4,0.98,1037,39,1,1,130,302.0,1,0.5,0.334,61,89,1.39
HIST-JOB-00278,AST-TRD-0268,SEC-ALJN-CNB-DN,TRD,TRACTION_TRANSFORMER_OIL_TEST,4,0.859,779,71,1,1,130,302.0,1,1.568,0.406,57,81,1.97
HIST-JOB-00279,AST-TRD-0033,SEC-NDLS-GZB-DN,TRD,CANTILEVER_ADJUSTMENT,3,0.98,1160,70,1,1,130,25.5,0,0.712,0.253,45,81,0.84
HIST-JOB-00280,AST-TRD-0189,SEC-ALJN-CNB-DN,TRD,CANTILEVER_ADJUSTMENT,3,0.692,375,264,1,1,130,302.0,0,0.94,0.433,55,70,2.22
HIST-JOB-00281,AST-ENG-0024,SEC-GZB-ALJN-UP,ENGINEERING,DE-STRESSING_CWR_TRACK,5,0.668,532,126,0,0,140,106.0,0,1.077,0.599,72,117,3.98
HIST-JOB-00282,AST-S_A-0115,SEC-GZB-ALJN-UP,S_AND_T,INTERLOCKING_CABLE_MEGGERING,4,0.92,1628,86,2,0,140,106.0,1,0.982,0.437,52,68,2.25
HIST-JOB-00283,AST-TRD-0115,SEC-NDLS-GZB-DN,TRD,CROSSOVER_OHE_DROPPERS_MAINTENANCE,4,0.98,1171,49,1,1,130,25.5,0,0.655,0.318,48,80,1.27
HIST-JOB-00284,AST-ENG-0234,SEC-GZB-ALJN-DN,ENGINEERING,TURNOUT_SWITCH_RENEWAL,5,0.618,342,248,0,2,140,106.0,0,0.945,0.591,54,107,3.88
HIST-JOB-00285,AST-ENG-0280,SEC-GZB-ALJN-UP,ENGINEERING,RAIL_WELD_ULTRASONIC_TESTING,4,0.523,1304,328,0,0,140,106.0,0,1.098,0.608,43,83,4.08
HIST-JOB-00286,AST-TRD-0001,SEC-NDLS-GZB-DN,TRD,INSULATOR_WASHING_AND_REPLACEMENT,4,0.653,86,219,1,1,130,25.5,0,1.239,0.534,32,65,3.23
HIST-JOB-00287,AST-S_A-0023,SEC-ALJN-CNB-DN,S_AND_T,TRACK_CIRCUIT_TUNING_AND_CALIBRATION,5,0.579,1035,224,2,2,130,302.0,0,0.983,0.642,35,47,4.5
HIST-JOB-00288,AST-TRD-0202,SEC-ALJN-CNB-UP,TRD,INSULATOR_WASHING_AND_REPLACEMENT,4,0.642,1751,200,1,1,130,302.0,0,1.004,0.548,48,59,3.39
HIST-JOB-00289,AST-ENG-0168,SEC-ALJN-CNB-UP,ENGINEERING,TRACK_TAMPING_AND_ALIGNMENT,4,0.837,595,131,0,3,130,302.0,0,0.757,0.403,94,147,1.95
HIST-JOB-00290,AST-TRD-0080,SEC-GZB-ALJN-DN,TRD,CROSSOVER_OHE_DROPPERS_MAINTENANCE,4,0.747,1173,129,1,1,140,106.0,0,1.471,0.481,65,78,2.68
HIST-JOB-00291,AST-ENG-0062,SEC-NDLS-GZB-DN,ENGINEERING,BALLAST_CLEANING_BCM,3,0.764,554,284,0,3,130,25.5,0,0.794,0.349,116,153,1.5
HIST-JOB-00292,AST-ENG-0128,SEC-NDLS-GZB-DN,ENGINEERING,TRACK_TAMPING_AND_ALIGNMENT,4,0.454,1306,318,0,3,130,25.5,0,1.333,0.662,84,147,4.76
HIST-JOB-00293,AST-S_A-0049,SEC-GZB-ALJN-DN,S_AND_T,POINT_MACHINE_MOTOR_OVERHAUL,5,0.882,1125,99,2,2,140,106.0,0,0.625,0.501,59,77,2.88
HIST-JOB-00294,AST-S_A-0206,SEC-NDLS-GZB-UP,S_AND_T,SIGNAL_LED_ASPECT_REPLACEMENT,3,0.98,632,72,2,0,130,25.5,0,1.049,0.256,21,41,0.86
HIST-JOB-00295,AST-S_A-0048,SEC-ALJN-CNB-DN,S_AND_T,POINT_MACHINE_MOTOR_OVERHAUL,5,0.892,1120,48,2,2,130,302.0,0,0.754,0.476,56,74,2.63
HIST-JOB-00296,AST-TRD-0016,SEC-NDLS-GZB-UP,TRD,CROSSOVER_OHE_DROPPERS_MAINTENANCE,4,0.722,234,246,1,1,130,25.5,0,1.012,0.508,59,90,2.95
HIST-JOB-00297,AST-S_A-0126,SEC-ALJN-CNB-DN,S_AND_T,TRACK_CIRCUIT_TUNING_AND_CALIBRATION,5,0.8,826,150,2,2,130,302.0,1,0.791,0.508,46,64,2.95
HIST-JOB-00298,AST-TRD-0270,SEC-GZB-ALJN-DN,TRD,TRACTION_TRANSFORMER_OIL_TEST,4,0.341,1747,291,1,1,140,106.0,0,1.509,0.717,55,76,5.49
HIST-JOB-00299,AST-TRD-0290,SEC-ALJN-CNB-DN,TRD,INSULATOR_WASHING_AND_REPLACEMENT,4,0.605,139,205,1,1,130,302.0,0,1.313,0.563,47,66,3.56
HIST-JOB-00300,AST-TRD-0242,SEC-GZB-ALJN-DN,TRD,CROSSOVER_OHE_DROPPERS_MAINTENANCE,4,0.939,1167,102,1,1,140,106.0,1,0.769,0.363,55,76,1.61
HIST-JOB-00301,AST-S_A-0295,SEC-ALJN-CNB-UP,S_AND_T,POINT_MACHINE_MOTOR_OVERHAUL,5,0.602,470,136,2,2,130,302.0,0,1.6,0.626,43,77,4.3
HIST-JOB-00302,AST-S_A-0015,SEC-GZB-ALJN-UP,S_AND_T,TRACK_CIRCUIT_TUNING_AND_CALIBRATION,5,0.85,771,100,2,2,140,106.0,0,0.836,0.516,38,63,3.04
HIST-JOB-00303,AST-S_A-0113,SEC-ALJN-CNB-UP,S_AND_T,POINT_MACHINE_MOTOR_OVERHAUL,5,0.643,831,262,2,2,130,302.0,1,0.704,0.596,43,77,3.94
HIST-JOB-00304,AST-ENG-0091,SEC-ALJN-CNB-UP,ENGINEERING,RAIL_WELD_ULTRASONIC_TESTING,4,0.959,2017,10,0,0,130,302.0,0,0.959,0.381,47,82,1.76
HIST-JOB-00305,AST-TRD-0203,SEC-NDLS-GZB-UP,TRD,CROSSOVER_OHE_DROPPERS_MAINTENANCE,4,0.879,640,66,1,1,130,25.5,0,1.329,0.427,58,97,2.16
HIST-JOB-00306,AST-ENG-0163,SEC-GZB-ALJN-UP,ENGINEERING,BALLAST_CLEANING_BCM,3,0.902,1296,175,0,3,140,106.0,0,0.592,0.312,122,160,1.23
HIST-JOB-00307,AST-ENG-0091,SEC-ALJN-CNB-DN,ENGINEERING,DE-STRESSING_CWR_TRACK,5,0.676,1521,124,0,0,130,302.0,0,1.377,0.567,81,114,3.6
HIST-JOB-00308,AST-ENG-0290,SEC-ALJN-CNB-DN,ENGINEERING,RAIL_WELD_ULTRASONIC_TESTING,4,0.788,1663,300,0,0,130,302.0,0,0.604,0.455,56,67,2.42
HIST-JOB-00309,AST-ENG-0172,SEC-GZB-ALJN-DN,ENGINEERING,BALLAST_CLEANING_BCM,3,0.792,1034,187,0,3,140,106.0,0,1.262,0.383,104,167,1.78
HIST-JOB-00310,AST-S_A-0001,SEC-NDLS-GZB-UP,S_AND_T,SIGNAL_LED_ASPECT_REPLACEMENT,3,0.874,1146,117,2,0,130,25.5,0,0.983,0.327,20,58,1.34
HIST-JOB-00311,AST-ENG-0296,SEC-GZB-ALJN-DN,ENGINEERING,TURNOUT_SWITCH_RENEWAL,5,0.71,741,221,0,2,140,106.0,0,0.759,0.545,55,105,3.35
HIST-JOB-00312,AST-TRD-0038,SEC-NDLS-GZB-DN,TRD,INSULATOR_WASHING_AND_REPLACEMENT,4,0.934,1908,47,1,1,130,25.5,1,1.011,0.352,40,58,1.53
HIST-JOB-00313,AST-TRD-0016,SEC-NDLS-GZB-DN,TRD,CROSSOVER_OHE_DROPPERS_MAINTENANCE,4,0.513,367,290,1,1,130,25.5,0,1.113,0.69,66,90,5.13
HIST-JOB-00314,AST-S_A-0210,SEC-ALJN-CNB-DN,S_AND_T,AXLE_COUNTER_OUTDOOR_HEAD_TESTING,4,0.666,735,320,2,2,130,302.0,1,0.753,0.509,28,46,2.97
HIST-JOB-00315,AST-TRD-0219,SEC-ALJN-CNB-DN,TRD,CANTILEVER_ADJUSTMENT,3,0.806,263,211,1,1,130,302.0,1,0.964,0.305,48,65,1.18
HIST-JOB-00316,AST-ENG-0060,SEC-GZB-ALJN-UP,ENGINEERING,TRACK_TAMPING_AND_ALIGNMENT,4,0.893,2027,112,0,3,140,106.0,0,0.791,0.396,84,140,1.89
HIST-JOB-00317,AST-TRD-0096,SEC-GZB-ALJN-DN,TRD,TRACTION_TRANSFORMER_OIL_TEST,4,0.975,1145,56,1,1,140,106.0,0,0.5,0.316,54,81,1.26
HIST-JOB-00318,AST-S_A-0050,SEC-NDLS-GZB-UP,S_AND_T,SIGNAL_LED_ASPECT_REPLACEMENT,3,0.764,1138,235,2,0,130,25.5,0,0.807,0.386,20,39,1.8
HIST-JOB-00319,AST-ENG-0244,SEC-ALJN-CNB-DN,ENGINEERING,TRACK_TAMPING_AND_ALIGNMENT,4,0.688,991,293,0,3,130,302.0,0,0.826,0.535,99,146,3.24
HIST-JOB-00320,AST-TRD-0293,SEC-GZB-ALJN-DN,TRD,INSULATOR_WASHING_AND_REPLACEMENT,4,0.858,1284,50,1,1,140,106.0,1,1.092,0.441,50,71,2.29
HIST-JOB-00321,AST-ENG-0076,SEC-NDLS-GZB-UP,ENGINEERING,RAIL_FASTENING_REPLACEMENT,3,0.823,744,118,0,0,130,25.5,0,1.259,0.352,35,46,1.53
HIST-JOB-00322,AST-TRD-0235,SEC-GZB-ALJN-UP,TRD,CANTILEVER_ADJUSTMENT,3,0.917,334,54,1,1,140,106.0,0,0.879,0.309,45,81,1.21
HIST-JOB-00323,AST-ENG-0289,SEC-ALJN-CNB-DN,ENGINEERING,RAIL_WELD_ULTRASONIC_TESTING,4,0.889,1778,67,0,0,130,302.0,0,0.782,0.372,40,63,1.69
HIST-JOB-00324,AST-ENG-0089,SEC-GZB-ALJN-UP,ENGINEERING,BALLAST_CLEANING_BCM,3,0.736,1468,220,0,3,140,106.0,0,1.073,0.442,117,146,2.3
HIST-JOB-00325,AST-TRD-0244,SEC-GZB-ALJN-DN,TRD,CANTILEVER_ADJUSTMENT,3,0.98,1705,29,1,1,140,106.0,0,1.212,0.203,38,88,0.57
HIST-JOB-00326,AST-TRD-0051,SEC-GZB-ALJN-UP,TRD,CANTILEVER_ADJUSTMENT,3,0.752,142,182,1,1,140,106.0,0,1.313,0.366,52,87,1.64
HIST-JOB-00327,AST-TRD-0209,SEC-NDLS-GZB-DN,TRD,INSULATOR_WASHING_AND_REPLACEMENT,4,0.876,1374,147,1,1,130,25.5,1,0.871,0.389,46,61,1.83
HIST-JOB-00328,AST-S_A-0070,SEC-ALJN-CNB-UP,S_AND_T,INTERLOCKING_CABLE_MEGGERING,4,0.94,1591,38,2,0,130,302.0,0,0.662,0.354,48,67,1.54
HIST-JOB-00329,AST-ENG-0189,SEC-NDLS-GZB-DN,ENGINEERING,RAIL_WELD_ULTRASONIC_TESTING,4,0.837,296,137,0,0,130,25.5,0,1.166,0.427,43,68,2.16
HIST-JOB-00330,AST-S_A-0229,SEC-ALJN-CNB-UP,S_AND_T,SIGNAL_LED_ASPECT_REPLACEMENT,3,0.68,1685,335,2,0,130,302.0,0,1.017,0.411,32,54,2.02
HIST-JOB-00331,AST-ENG-0084,SEC-GZB-ALJN-DN,ENGINEERING,DE-STRESSING_CWR_TRACK,5,0.773,729,142,0,0,140,106.0,0,0.802,0.536,84,111,3.25
HIST-JOB-00332,AST-TRD-0068,SEC-NDLS-GZB-DN,TRD,OHE_CONTACT_WIRE_INSPECTION,5,0.614,982,356,1,1,130,25.5,0,0.618,0.674,52,100,4.92
HIST-JOB-00333,AST-ENG-0112,SEC-ALJN-CNB-UP,ENGINEERING,DE-STRESSING_CWR_TRACK,5,0.319,1311,339,0,0,130,302.0,1,1.056,0.798,86,118,6.66
HIST-JOB-00334,AST-S_A-0145,SEC-GZB-ALJN-UP,S_AND_T,SIGNAL_LED_ASPECT_REPLACEMENT,3,0.435,2192,329,2,0,140,106.0,0,1.525,0.587,28,52,3.83
HIST-JOB-00335,AST-TRD-0097,SEC-ALJN-CNB-DN,TRD,TRACTION_TRANSFORMER_OIL_TEST,4,0.482,1192,337,1,1,130,302.0,0,1.071,0.62,62,79,4.23
HIST-JOB-00336,AST-ENG-0072,SEC-ALJN-CNB-UP,ENGINEERING,RAIL_FASTENING_REPLACEMENT,3,0.974,1044,39,0,0,130,302.0,0,1.179,0.205,32,61,0.58
HIST-JOB-00337,AST-ENG-0176,SEC-ALJN-CNB-DN,ENGINEERING,RAIL_WELD_ULTRASONIC_TESTING,4,0.75,1774,217,0,0,130,302.0,0,0.791,0.464,55,66,2.51
HIST-JOB-00338,AST-TRD-0151,SEC-ALJN-CNB-DN,TRD,INSULATOR_WASHING_AND_REPLACEMENT,4,0.441,2008,353,1,1,130,302.0,1,1.043,0.675,49,60,4.93
HIST-JOB-00339,AST-ENG-0158,SEC-GZB-ALJN-DN,ENGINEERING,BALLAST_CLEANING_BCM,3,0.577,809,358,0,3,140,106.0,0,1.134,0.529,109,168,3.18
HIST-JOB-00340,AST-S_A-0299,SEC-GZB-ALJN-UP,S_AND_T,AXLE_COUNTER_OUTDOOR_HEAD_TESTING,4,0.798,1582,143,2,2,140,106.0,1,0.785,0.424,23,60,2.13
HIST-JOB-00341,AST-ENG-0176,SEC-GZB-ALJN-DN,ENGINEERING,TRACK_TAMPING_AND_ALIGNMENT,4,0.466,1623,281,0,3,140,106.0,0,1.226,0.637,86,131,4.44
HIST-JOB-00342,AST-S_A-0091,SEC-ALJN-CNB-UP,S_AND_T,AXLE_COUNTER_OUTDOOR_HEAD_TESTING,4,0.843,1934,83,2,2,130,302.0,0,1.08,0.458,37,50,2.45
HIST-JOB-00343,AST-TRD-0223,SEC-ALJN-CNB-DN,TRD,CROSSOVER_OHE_DROPPERS_MAINTENANCE,4,0.839,917,96,1,1,130,302.0,0,1.256,0.401,49,79,1.93
HIST-JOB-00344,AST-S_A-0165,SEC-GZB-ALJN-DN,S_AND_T,AXLE_COUNTER_OUTDOOR_HEAD_TESTING,4,0.646,1817,254,2,2,140,106.0,1,0.932,0.538,33,43,3.28
HIST-JOB-00345,AST-TRD-0157,SEC-NDLS-GZB-UP,TRD,OHE_CONTACT_WIRE_INSPECTION,5,0.757,1079,125,1,1,130,25.5,1,0.844,0.536,64,101,3.25
HIST-JOB-00346,AST-ENG-0223,SEC-NDLS-GZB-UP,ENGINEERING,DE-STRESSING_CWR_TRACK,5,0.81,247,162,0,0,130,25.5,0,0.785,0.503,88,120,2.9
HIST-JOB-00347,AST-ENG-0068,SEC-GZB-ALJN-UP,ENGINEERING,RAIL_FASTENING_REPLACEMENT,3,0.866,831,94,0,0,140,106.0,0,1.29,0.384,29,47,1.79
HIST-JOB-00348,AST-TRD-0131,SEC-ALJN-CNB-DN,TRD,OHE_CONTACT_WIRE_INSPECTION,5,0.513,149,311,1,1,130,302.0,0,0.821,0.692,53,97,5.15
HIST-JOB-00349,AST-ENG-0243,SEC-ALJN-CNB-UP,ENGINEERING,TURNOUT_SWITCH_RENEWAL,5,0.913,140,34,0,2,130,302.0,0,1.368,0.441,69,98,2.29
HIST-JOB-00350,AST-ENG-0071,SEC-NDLS-GZB-DN,ENGINEERING,RAIL_FASTENING_REPLACEMENT,3,0.847,98,164,0,0,130,25.5,0,0.759,0.338,41,59,1.42
HIST-JOB-00351,AST-S_A-0104,SEC-NDLS-GZB-UP,S_AND_T,AXLE_COUNTER_OUTDOOR_HEAD_TESTING,4,0.931,1217,68,2,2,130,25.5,0,0.654,0.369,30,56,1.66
HIST-JOB-00352,AST-S_A-0121,SEC-ALJN-CNB-DN,S_AND_T,POINT_MACHINE_MOTOR_OVERHAUL,5,0.817,1738,161,2,2,130,302.0,0,0.714,0.542,57,80,3.32
HIST-JOB-00353,AST-ENG-0119,SEC-NDLS-GZB-UP,ENGINEERING,RAIL_WELD_ULTRASONIC_TESTING,4,0.83,2083,86,0,0,130,25.5,1,0.742,0.472,40,68,2.59
HIST-JOB-00354,AST-S_A-0161,SEC-GZB-ALJN-UP,S_AND_T,SIGNAL_LED_ASPECT_REPLACEMENT,3,0.836,1141,247,2,0,140,106.0,0,0.864,0.355,26,46,1.55
HIST-JOB-00355,AST-S_A-0138,SEC-ALJN-CNB-DN,S_AND_T,AXLE_COUNTER_OUTDOOR_HEAD_TESTING,4,0.98,247,14,2,2,130,302.0,1,1.364,0.358,33,54,1.57
HIST-JOB-00356,AST-ENG-0245,SEC-GZB-ALJN-UP,ENGINEERING,TRACK_TAMPING_AND_ALIGNMENT,4,0.925,1463,103,0,3,140,106.0,0,0.704,0.385,94,147,1.79
HIST-JOB-00357,AST-S_A-0292,SEC-ALJN-CNB-DN,S_AND_T,AXLE_COUNTER_OUTDOOR_HEAD_TESTING,4,0.919,602,40,2,2,130,302.0,1,1.114,0.426,40,55,2.15
HIST-JOB-00358,AST-S_A-0250,SEC-NDLS-GZB-DN,S_AND_T,SIGNAL_LED_ASPECT_REPLACEMENT,3,0.739,1615,193,2,0,130,25.5,0,0.944,0.358,21,50,1.57
HIST-JOB-00359,AST-ENG-0290,SEC-GZB-ALJN-DN,ENGINEERING,BALLAST_CLEANING_BCM,3,0.98,1347,16,0,3,140,106.0,0,0.916,0.239,120,168,0.76
HIST-JOB-00360,AST-TRD-0178,SEC-ALJN-CNB-DN,TRD,INSULATOR_WASHING_AND_REPLACEMENT,4,0.682,1445,275,1,1,130,302.0,1,0.639,0.504,39,70,2.91
HIST-JOB-00361,AST-S_A-0039,SEC-NDLS-GZB-DN,S_AND_T,TRACK_CIRCUIT_TUNING_AND_CALIBRATION,5,0.925,283,15,2,2,130,25.5,0,1.17,0.434,42,52,2.23
HIST-JOB-00362,AST-S_A-0207,SEC-GZB-ALJN-UP,S_AND_T,INTERLOCKING_CABLE_MEGGERING,4,0.781,1046,179,2,0,140,106.0,0,0.885,0.45,52,67,2.38
HIST-JOB-00363,AST-TRD-0010,SEC-NDLS-GZB-UP,TRD,INSULATOR_WASHING_AND_REPLACEMENT,4,0.973,1895,55,1,1,130,25.5,1,0.565,0.356,47,78,1.56
HIST-JOB-00364,AST-ENG-0156,SEC-GZB-ALJN-DN,ENGINEERING,BALLAST_CLEANING_BCM,3,0.975,1748,28,0,3,140,106.0,1,0.787,0.255,121,164,0.85
HIST-JOB-00365,AST-TRD-0243,SEC-ALJN-CNB-DN,TRD,OHE_CONTACT_WIRE_INSPECTION,5,0.866,1548,37,1,1,130,302.0,0,0.71,0.504,71,104,2.91
HIST-JOB-00366,AST-S_A-0150,SEC-ALJN-CNB-DN,S_AND_T,POINT_MACHINE_MOTOR_OVERHAUL,5,0.979,1913,68,2,2,130,302.0,1,0.559,0.438,53,90,2.26
HIST-JOB-00367,AST-S_A-0101,SEC-ALJN-CNB-DN,S_AND_T,POINT_MACHINE_MOTOR_OVERHAUL,5,0.843,2076,81,2,2,130,302.0,0,1.418,0.516,50,89,3.04
HIST-JOB-00368,AST-TRD-0024,SEC-NDLS-GZB-UP,TRD,OHE_CONTACT_WIRE_INSPECTION,5,0.795,1669,120,1,1,130,25.5,0,0.629,0.537,55,98,3.27
HIST-JOB-00369,AST-ENG-0300,SEC-GZB-ALJN-DN,ENGINEERING,BALLAST_CLEANING_BCM,3,0.956,2125,78,0,3,140,106.0,0,0.678,0.269,119,158,0.94
HIST-JOB-00370,AST-S_A-0165,SEC-ALJN-CNB-UP,S_AND_T,INTERLOCKING_CABLE_MEGGERING,4,0.414,785,364,2,0,130,302.0,1,0.995,0.649,44,76,4.59
HIST-JOB-00371,AST-S_A-0212,SEC-GZB-ALJN-DN,S_AND_T,TRACK_CIRCUIT_TUNING_AND_CALIBRATION,5,0.563,1076,150,2,2,140,106.0,0,1.552,0.64,31,49,4.48
HIST-JOB-00372,AST-TRD-0177,SEC-ALJN-CNB-DN,TRD,TRACTION_TRANSFORMER_OIL_TEST,4,0.495,1345,293,1,1,130,302.0,0,1.137,0.608,51,91,4.08
HIST-JOB-00373,AST-ENG-0246,SEC-ALJN-CNB-DN,ENGINEERING,RAIL_FASTENING_REPLACEMENT,3,0.72,2123,287,0,0,130,302.0,1,0.63,0.399,33,57,1.91
HIST-JOB-00374,AST-S_A-0029,SEC-ALJN-CNB-DN,S_AND_T,AXLE_COUNTER_OUTDOOR_HEAD_TESTING,4,0.756,1231,226,2,2,130,302.0,1,0.793,0.432,26,41,2.21
HIST-JOB-00375,AST-TRD-0278,SEC-GZB-ALJN-UP,TRD,OHE_CONTACT_WIRE_INSPECTION,5,0.32,1233,359,1,1,140,106.0,1,1.0,0.808,61,91,6.81
HIST-JOB-00376,AST-ENG-0288,SEC-GZB-ALJN-UP,ENGINEERING,TURNOUT_SWITCH_RENEWAL,5,0.788,1913,62,0,2,140,106.0,0,1.478,0.497,59,113,2.84
HIST-JOB-00377,AST-S_A-0028,SEC-NDLS-GZB-DN,S_AND_T,TRACK_CIRCUIT_TUNING_AND_CALIBRATION,5,0.626,1238,364,2,2,130,25.5,0,0.555,0.589,37,62,3.86
HIST-JOB-00378,AST-ENG-0189,SEC-ALJN-CNB-DN,ENGINEERING,RAIL_WELD_ULTRASONIC_TESTING,4,0.865,1089,113,0,0,130,302.0,0,0.509,0.365,44,80,1.63
HIST-JOB-00379,AST-TRD-0021,SEC-ALJN-CNB-DN,TRD,OHE_CONTACT_WIRE_INSPECTION,5,0.203,786,359,1,1,130,302.0,1,1.203,0.947,55,97,9.07
HIST-JOB-00380,AST-S_A-0080,SEC-GZB-ALJN-UP,S_AND_T,AXLE_COUNTER_OUTDOOR_HEAD_TESTING,4,0.898,1142,76,2,2,140,106.0,1,1.289,0.43,36,62,2.19
HIST-JOB-00381,AST-ENG-0113,SEC-NDLS-GZB-DN,ENGINEERING,TURNOUT_SWITCH_RENEWAL,5,0.355,1293,261,0,2,130,25.5,1,1.304,0.796,62,106,6.63
HIST-JOB-00382,AST-ENG-0110,SEC-ALJN-CNB-UP,ENGINEERING,DE-STRESSING_CWR_TRACK,5,0.687,339,268,0,0,130,302.0,0,0.694,0.619,83,117,4.22
HIST-JOB-00383,AST-TRD-0124,SEC-GZB-ALJN-UP,TRD,CROSSOVER_OHE_DROPPERS_MAINTENANCE,4,0.636,2005,297,1,1,140,106.0,1,0.887,0.576,58,89,3.7
HIST-JOB-00384,AST-TRD-0145,SEC-NDLS-GZB-UP,TRD,INSULATOR_WASHING_AND_REPLACEMENT,4,0.933,1374,205,1,1,130,25.5,0,0.5,0.324,49,78,1.32
HIST-JOB-00385,AST-ENG-0043,SEC-ALJN-CNB-UP,ENGINEERING,RAIL_WELD_ULTRASONIC_TESTING,4,0.58,2143,238,0,0,130,302.0,0,1.106,0.547,47,76,3.38
HIST-JOB-00386,AST-ENG-0106,SEC-NDLS-GZB-DN,ENGINEERING,BALLAST_CLEANING_BCM,3,0.687,90,330,0,3,130,25.5,0,1.017,0.446,115,148,2.34
HIST-JOB-00387,AST-S_A-0129,SEC-ALJN-CNB-DN,S_AND_T,AXLE_COUNTER_OUTDOOR_HEAD_TESTING,4,0.952,689,22,2,2,130,302.0,1,1.039,0.323,23,45,1.31
HIST-JOB-00388,AST-ENG-0200,SEC-ALJN-CNB-UP,ENGINEERING,TRACK_TAMPING_AND_ALIGNMENT,4,0.744,992,142,0,3,130,302.0,0,1.057,0.492,92,125,2.79
HIST-JOB-00389,AST-ENG-0149,SEC-ALJN-CNB-UP,ENGINEERING,BALLAST_CLEANING_BCM,3,0.529,319,309,0,3,130,302.0,0,1.399,0.578,118,148,3.73
HIST-JOB-00390,AST-TRD-0081,SEC-ALJN-CNB-UP,TRD,TRACTION_TRANSFORMER_OIL_TEST,4,0.748,414,154,1,1,130,302.0,0,1.137,0.439,42,85,2.27
HIST-JOB-00391,AST-TRD-0006,SEC-NDLS-GZB-DN,TRD,INSULATOR_WASHING_AND_REPLACEMENT,4,0.445,1268,334,1,1,130,25.5,0,0.991,0.681,52,66,5.01
HIST-JOB-00392,AST-ENG-0108,SEC-NDLS-GZB-UP,ENGINEERING,RAIL_FASTENING_REPLACEMENT,3,0.947,231,12,0,0,130,25.5,0,1.296,0.259,24,49,0.88
HIST-JOB-00393,AST-S_A-0093,SEC-NDLS-GZB-DN,S_AND_T,POINT_MACHINE_MOTOR_OVERHAUL,5,0.926,2159,82,2,2,130,25.5,0,0.693,0.456,48,73,2.43
HIST-JOB-00394,AST-ENG-0298,SEC-ALJN-CNB-UP,ENGINEERING,TURNOUT_SWITCH_RENEWAL,5,0.255,1949,340,0,2,130,302.0,1,1.15,0.839,55,96,7.29
HIST-JOB-00395,AST-S_A-0169,SEC-GZB-ALJN-UP,S_AND_T,INTERLOCKING_CABLE_MEGGERING,4,0.978,1020,61,2,0,140,106.0,1,0.767,0.331,47,69,1.37
HIST-JOB-00396,AST-TRD-0161,SEC-ALJN-CNB-DN,TRD,TRACTION_TRANSFORMER_OIL_TEST,4,0.456,684,299,1,1,130,302.0,0,1.093,0.624,47,70,4.28
HIST-JOB-00397,AST-TRD-0184,SEC-NDLS-GZB-DN,TRD,INSULATOR_WASHING_AND_REPLACEMENT,4,0.685,1193,194,1,1,130,25.5,0,0.916,0.541,46,69,3.31
HIST-JOB-00398,AST-TRD-0101,SEC-GZB-ALJN-DN,TRD,TRACTION_TRANSFORMER_OIL_TEST,4,0.801,505,99,1,1,140,106.0,0,1.304,0.43,46,87,2.19
HIST-JOB-00399,AST-TRD-0109,SEC-ALJN-CNB-DN,TRD,CANTILEVER_ADJUSTMENT,3,0.967,368,19,1,1,130,302.0,0,1.075,0.285,55,77,1.04
HIST-JOB-00400,AST-ENG-0201,SEC-ALJN-CNB-UP,ENGINEERING,TURNOUT_SWITCH_RENEWAL,5,0.664,1127,288,0,2,130,302.0,0,0.714,0.579,56,101,3.74
HIST-JOB-00401,AST-TRD-0085,SEC-ALJN-CNB-UP,TRD,INSULATOR_WASHING_AND_REPLACEMENT,4,0.587,1963,266,1,1,130,302.0,0,0.978,0.538,39,74,3.28
HIST-JOB-00402,AST-ENG-0248,SEC-GZB-ALJN-DN,ENGINEERING,RAIL_FASTENING_REPLACEMENT,3,0.844,712,101,0,0,140,106.0,0,0.984,0.318,26,63,1.27
HIST-JOB-00403,AST-S_A-0241,SEC-NDLS-GZB-UP,S_AND_T,POINT_MACHINE_MOTOR_OVERHAUL,5,0.766,317,145,2,2,130,25.5,1,1.056,0.534,53,82,3.23
HIST-JOB-00404,AST-S_A-0135,SEC-NDLS-GZB-UP,S_AND_T,SIGNAL_LED_ASPECT_REPLACEMENT,3,0.577,223,342,2,0,130,25.5,0,1.054,0.536,25,58,3.25
HIST-JOB-00405,AST-ENG-0177,SEC-GZB-ALJN-DN,ENGINEERING,DE-STRESSING_CWR_TRACK,5,0.536,378,274,0,0,140,106.0,0,0.864,0.678,84,121,4.97
HIST-JOB-00406,AST-S_A-0144,SEC-GZB-ALJN-DN,S_AND_T,INTERLOCKING_CABLE_MEGGERING,4,0.41,87,266,2,0,140,106.0,0,1.6,0.652,48,75,4.63
HIST-JOB-00407,AST-TRD-0246,SEC-NDLS-GZB-DN,TRD,OHE_CONTACT_WIRE_INSPECTION,5,0.341,544,348,1,1,130,25.5,1,1.092,0.802,67,106,6.72
HIST-JOB-00408,AST-S_A-0083,SEC-NDLS-GZB-DN,S_AND_T,INTERLOCKING_CABLE_MEGGERING,4,0.28,720,341,2,0,130,25.5,1,1.453,0.746,50,73,5.9
HIST-JOB-00409,AST-ENG-0289,SEC-ALJN-CNB-DN,ENGINEERING,RAIL_FASTENING_REPLACEMENT,3,0.972,661,38,0,0,130,302.0,0,0.5,0.291,34,59,1.08
HIST-JOB-00410,AST-ENG-0113,SEC-ALJN-CNB-DN,ENGINEERING,RAIL_WELD_ULTRASONIC_TESTING,4,0.896,1221,53,0,0,130,302.0,0,1.489,0.422,52,65,2.12
HIST-JOB-00411,AST-S_A-0036,SEC-ALJN-CNB-UP,S_AND_T,AXLE_COUNTER_OUTDOOR_HEAD_TESTING,4,0.461,804,329,2,2,130,302.0,0,1.206,0.631,32,54,4.37
HIST-JOB-00412,AST-TRD-0215,SEC-GZB-ALJN-DN,TRD,INSULATOR_WASHING_AND_REPLACEMENT,4,0.927,1638,77,1,1,140,106.0,0,0.835,0.377,48,76,1.73
HIST-JOB-00413,AST-ENG-0277,SEC-ALJN-CNB-UP,ENGINEERING,RAIL_FASTENING_REPLACEMENT,3,0.645,219,282,0,0,130,302.0,0,1.234,0.438,26,59,2.26
HIST-JOB-00414,AST-ENG-0247,SEC-ALJN-CNB-DN,ENGINEERING,RAIL_WELD_ULTRASONIC_TESTING,4,0.525,1827,277,0,0,130,302.0,0,0.997,0.634,50,67,4.4
HIST-JOB-00415,AST-S_A-0279,SEC-GZB-ALJN-UP,S_AND_T,TRACK_CIRCUIT_TUNING_AND_CALIBRATION,5,0.695,460,227,2,2,140,106.0,0,0.652,0.606,29,54,4.06
HIST-JOB-00416,AST-S_A-0004,SEC-GZB-ALJN-UP,S_AND_T,AXLE_COUNTER_OUTDOOR_HEAD_TESTING,4,0.961,834,12,2,2,140,106.0,0,1.212,0.292,25,56,1.09
HIST-JOB-00417,AST-S_A-0217,SEC-ALJN-CNB-DN,S_AND_T,TRACK_CIRCUIT_TUNING_AND_CALIBRATION,5,0.669,1734,195,2,2,130,302.0,0,1.125,0.623,35,62,4.27
HIST-JOB-00418,AST-S_A-0092,SEC-ALJN-CNB-UP,S_AND_T,POINT_MACHINE_MOTOR_OVERHAUL,5,0.218,1188,358,2,2,130,302.0,1,1.164,0.881,59,85,7.96
HIST-JOB-00419,AST-S_A-0118,SEC-ALJN-CNB-UP,S_AND_T,POINT_MACHINE_MOTOR_OVERHAUL,5,0.533,1316,305,2,2,130,302.0,0,0.82,0.654,45,93,4.66
HIST-JOB-00420,AST-S_A-0027,SEC-ALJN-CNB-DN,S_AND_T,SIGNAL_LED_ASPECT_REPLACEMENT,3,0.92,722,61,2,0,130,302.0,0,1.324,0.318,34,54,1.27
HIST-JOB-00421,AST-ENG-0190,SEC-GZB-ALJN-DN,ENGINEERING,DE-STRESSING_CWR_TRACK,5,0.842,433,84,0,0,140,106.0,1,1.025,0.455,80,117,2.42
HIST-JOB-00422,AST-ENG-0030,SEC-ALJN-CNB-UP,ENGINEERING,TRACK_TAMPING_AND_ALIGNMENT,4,0.718,214,206,0,3,130,302.0,0,1.06,0.476,91,147,2.63
HIST-JOB-00423,AST-ENG-0087,SEC-ALJN-CNB-DN,ENGINEERING,DE-STRESSING_CWR_TRACK,5,0.726,2182,156,0,0,130,302.0,0,0.963,0.582,79,129,3.77
HIST-JOB-00424,AST-ENG-0203,SEC-GZB-ALJN-UP,ENGINEERING,TURNOUT_SWITCH_RENEWAL,5,0.134,1039,345,0,2,140,106.0,1,1.412,0.92,64,101,8.61
HIST-JOB-00425,AST-S_A-0178,SEC-ALJN-CNB-UP,S_AND_T,TRACK_CIRCUIT_TUNING_AND_CALIBRATION,5,0.903,341,56,2,2,130,302.0,0,1.014,0.412,45,56,2.03
HIST-JOB-00426,AST-TRD-0055,SEC-NDLS-GZB-DN,TRD,CANTILEVER_ADJUSTMENT,3,0.815,856,242,1,1,130,25.5,0,0.877,0.334,50,81,1.39
HIST-JOB-00427,AST-ENG-0289,SEC-ALJN-CNB-UP,ENGINEERING,TRACK_TAMPING_AND_ALIGNMENT,4,0.921,2162,141,0,3,130,302.0,0,0.834,0.407,96,137,1.98
HIST-JOB-00428,AST-S_A-0133,SEC-NDLS-GZB-DN,S_AND_T,INTERLOCKING_CABLE_MEGGERING,4,0.723,1451,244,2,0,130,25.5,0,0.678,0.428,47,58,2.17
HIST-JOB-00429,AST-ENG-0148,SEC-GZB-ALJN-DN,ENGINEERING,TRACK_TAMPING_AND_ALIGNMENT,4,0.779,1001,171,0,3,140,106.0,0,0.5,0.429,90,132,2.18
HIST-JOB-00430,AST-ENG-0138,SEC-GZB-ALJN-DN,ENGINEERING,TRACK_TAMPING_AND_ALIGNMENT,4,0.898,1460,48,0,3,140,106.0,0,1.122,0.375,88,143,1.71
HIST-JOB-00431,AST-ENG-0128,SEC-ALJN-CNB-DN,ENGINEERING,DE-STRESSING_CWR_TRACK,5,0.761,2103,112,0,0,130,302.0,0,0.776,0.546,79,116,3.36
HIST-JOB-00432,AST-S_A-0278,SEC-NDLS-GZB-DN,S_AND_T,POINT_MACHINE_MOTOR_OVERHAUL,5,0.899,496,71,2,2,130,25.5,0,1.185,0.439,61,71,2.27
HIST-JOB-00433,AST-ENG-0296,SEC-GZB-ALJN-DN,ENGINEERING,TURNOUT_SWITCH_RENEWAL,5,0.62,1185,261,0,2,140,106.0,0,0.85,0.649,64,97,4.59
HIST-JOB-00434,AST-ENG-0062,SEC-NDLS-GZB-UP,ENGINEERING,RAIL_FASTENING_REPLACEMENT,3,0.623,1793,254,0,0,130,25.5,0,1.388,0.463,27,54,2.5
HIST-JOB-00435,AST-S_A-0281,SEC-GZB-ALJN-UP,S_AND_T,SIGNAL_LED_ASPECT_REPLACEMENT,3,0.774,923,204,2,0,140,106.0,0,0.986,0.352,25,40,1.53
HIST-JOB-00436,AST-TRD-0215,SEC-NDLS-GZB-DN,TRD,CANTILEVER_ADJUSTMENT,3,0.79,1163,251,1,1,130,25.5,1,0.892,0.359,50,71,1.58
HIST-JOB-00437,AST-S_A-0139,SEC-GZB-ALJN-UP,S_AND_T,POINT_MACHINE_MOTOR_OVERHAUL,5,0.355,796,302,2,2,140,106.0,1,1.123,0.814,45,93,6.9
HIST-JOB-00438,AST-TRD-0091,SEC-ALJN-CNB-UP,TRD,INSULATOR_WASHING_AND_REPLACEMENT,4,0.652,1830,205,1,1,130,302.0,0,1.24,0.58,47,57,3.75
HIST-JOB-00439,AST-S_A-0025,SEC-GZB-ALJN-DN,S_AND_T,AXLE_COUNTER_OUTDOOR_HEAD_TESTING,4,0.505,2177,283,2,2,140,106.0,0,1.351,0.607,39,58,4.07
HIST-JOB-00440,AST-S_A-0172,SEC-NDLS-GZB-UP,S_AND_T,TRACK_CIRCUIT_TUNING_AND_CALIBRATION,5,0.965,729,40,2,2,130,25.5,0,0.569,0.443,30,59,2.31
HIST-JOB-00441,AST-TRD-0296,SEC-GZB-ALJN-UP,TRD,CANTILEVER_ADJUSTMENT,3,0.877,1115,186,1,1,140,106.0,0,0.796,0.329,56,71,1.35
HIST-JOB-00442,AST-ENG-0147,SEC-GZB-ALJN-UP,ENGINEERING,DE-STRESSING_CWR_TRACK,5,0.652,1514,176,0,0,140,106.0,0,1.016,0.578,74,122,3.73
HIST-JOB-00443,AST-S_A-0083,SEC-ALJN-CNB-DN,S_AND_T,SIGNAL_LED_ASPECT_REPLACEMENT,3,0.612,1441,225,2,0,130,302.0,0,1.485,0.446,20,37,2.34
HIST-JOB-00444,AST-TRD-0228,SEC-NDLS-GZB-DN,TRD,CROSSOVER_OHE_DROPPERS_MAINTENANCE,4,0.773,1344,172,1,1,130,25.5,0,0.761,0.417,59,83,2.07
HIST-JOB-00445,AST-S_A-0041,SEC-ALJN-CNB-DN,S_AND_T,POINT_MACHINE_MOTOR_OVERHAUL,5,0.859,1755,95,2,2,130,302.0,0,0.5,0.487,50,93,2.74
HIST-JOB-00446,AST-TRD-0204,SEC-NDLS-GZB-DN,TRD,OHE_CONTACT_WIRE_INSPECTION,5,0.959,1686,62,1,1,130,25.5,0,1.049,0.464,53,85,2.51
HIST-JOB-00447,AST-ENG-0270,SEC-NDLS-GZB-UP,ENGINEERING,TRACK_TAMPING_AND_ALIGNMENT,4,0.78,1656,168,0,3,130,25.5,0,0.989,0.458,86,129,2.45
HIST-JOB-00448,AST-ENG-0140,SEC-NDLS-GZB-UP,ENGINEERING,DE-STRESSING_CWR_TRACK,5,0.12,203,349,0,0,130,25.5,1,1.406,0.98,86,127,9.64
HIST-JOB-00449,AST-S_A-0269,SEC-NDLS-GZB-DN,S_AND_T,SIGNAL_LED_ASPECT_REPLACEMENT,3,0.517,785,312,2,0,130,25.5,0,1.38,0.495,35,48,2.82
HIST-JOB-00450,AST-TRD-0080,SEC-GZB-ALJN-UP,TRD,TRACTION_TRANSFORMER_OIL_TEST,4,0.669,2032,286,1,1,140,106.0,0,0.797,0.531,55,78,3.2
HIST-JOB-00451,AST-TRD-0154,SEC-NDLS-GZB-UP,TRD,TRACTION_TRANSFORMER_OIL_TEST,4,0.603,618,186,1,1,130,25.5,0,1.46,0.55,57,85,3.41
HIST-JOB-00452,AST-ENG-0224,SEC-GZB-ALJN-DN,ENGINEERING,RAIL_WELD_ULTRASONIC_TESTING,4,0.402,1259,315,0,0,140,106.0,0,1.301,0.682,50,77,5.02
HIST-JOB-00453,AST-S_A-0140,SEC-NDLS-GZB-DN,S_AND_T,TRACK_CIRCUIT_TUNING_AND_CALIBRATION,5,0.607,1656,203,2,2,130,25.5,0,1.212,0.638,43,64,4.45
HIST-JOB-00454,AST-TRD-0234,SEC-ALJN-CNB-DN,TRD,TRACTION_TRANSFORMER_OIL_TEST,4,0.651,1161,221,1,1,130,302.0,1,1.1,0.54,45,90,3.3
HIST-JOB-00455,AST-S_A-0138,SEC-GZB-ALJN-UP,S_AND_T,SIGNAL_LED_ASPECT_REPLACEMENT,3,0.937,1373,19,2,0,140,106.0,1,0.911,0.324,20,44,1.32
HIST-JOB-00456,AST-ENG-0160,SEC-ALJN-CNB-DN,ENGINEERING,RAIL_FASTENING_REPLACEMENT,3,0.979,1855,14,0,0,130,302.0,0,1.54,0.27,32,53,0.95
HIST-JOB-00457,AST-S_A-0279,SEC-GZB-ALJN-UP,S_AND_T,INTERLOCKING_CABLE_MEGGERING,4,0.974,1412,51,2,0,140,106.0,1,0.569,0.377,44,57,1.73
HIST-JOB-00458,AST-S_A-0227,SEC-NDLS-GZB-DN,S_AND_T,INTERLOCKING_CABLE_MEGGERING,4,0.93,847,138,2,0,130,25.5,1,0.5,0.311,39,67,1.22
HIST-JOB-00459,AST-TRD-0082,SEC-ALJN-CNB-DN,TRD,INSULATOR_WASHING_AND_REPLACEMENT,4,0.529,444,276,1,1,130,302.0,0,1.167,0.592,41,65,3.89
HIST-JOB-00460,AST-ENG-0112,SEC-ALJN-CNB-DN,ENGINEERING,TURNOUT_SWITCH_RENEWAL,5,0.887,2193,72,0,2,130,302.0,1,0.852,0.511,53,111,2.99
HIST-JOB-00461,AST-ENG-0244,SEC-NDLS-GZB-DN,ENGINEERING,BALLAST_CLEANING_BCM,3,0.833,745,151,0,3,130,25.5,0,0.851,0.314,103,163,1.24
HIST-JOB-00462,AST-ENG-0031,SEC-GZB-ALJN-UP,ENGINEERING,RAIL_FASTENING_REPLACEMENT,3,0.879,426,137,0,0,140,106.0,0,0.873,0.324,42,52,1.32
HIST-JOB-00463,AST-S_A-0225,SEC-ALJN-CNB-DN,S_AND_T,POINT_MACHINE_MOTOR_OVERHAUL,5,0.882,499,74,2,2,130,302.0,0,1.176,0.445,62,81,2.33
HIST-JOB-00464,AST-TRD-0151,SEC-NDLS-GZB-UP,TRD,OHE_CONTACT_WIRE_INSPECTION,5,0.637,1607,193,1,1,130,25.5,1,1.017,0.595,66,102,3.93
HIST-JOB-00465,AST-S_A-0036,SEC-NDLS-GZB-DN,S_AND_T,INTERLOCKING_CABLE_MEGGERING,4,0.72,1385,249,2,0,130,25.5,0,0.714,0.479,49,60,2.66
HIST-JOB-00466,AST-ENG-0095,SEC-GZB-ALJN-DN,ENGINEERING,RAIL_FASTENING_REPLACEMENT,3,0.726,1271,144,0,0,140,106.0,0,1.466,0.396,38,52,1.89
HIST-JOB-00467,AST-ENG-0269,SEC-ALJN-CNB-UP,ENGINEERING,RAIL_WELD_ULTRASONIC_TESTING,4,0.623,1038,174,0,0,130,302.0,0,1.269,0.538,49,66,3.28
HIST-JOB-00468,AST-S_A-0035,SEC-ALJN-CNB-UP,S_AND_T,INTERLOCKING_CABLE_MEGGERING,4,0.69,691,323,2,0,130,302.0,0,0.64,0.536,35,71,3.25
HIST-JOB-00469,AST-ENG-0251,SEC-NDLS-GZB-DN,ENGINEERING,TURNOUT_SWITCH_RENEWAL,5,0.525,498,258,0,2,130,25.5,0,1.027,0.688,64,111,5.1
HIST-JOB-00470,AST-TRD-0252,SEC-NDLS-GZB-UP,TRD,CANTILEVER_ADJUSTMENT,3,0.845,1560,123,1,1,130,25.5,0,1.059,0.326,43,85,1.33
HIST-JOB-00471,AST-ENG-0037,SEC-GZB-ALJN-DN,ENGINEERING,TRACK_TAMPING_AND_ALIGNMENT,4,0.689,1763,198,0,3,140,106.0,0,1.028,0.509,98,126,2.97
HIST-JOB-00472,AST-TRD-0270,SEC-NDLS-GZB-UP,TRD,TRACTION_TRANSFORMER_OIL_TEST,4,0.684,944,275,1,1,130,25.5,0,0.917,0.537,48,76,3.27
HIST-JOB-00473,AST-TRD-0086,SEC-ALJN-CNB-UP,TRD,INSULATOR_WASHING_AND_REPLACEMENT,4,0.899,1760,64,1,1,130,302.0,0,0.889,0.385,45,58,1.79
HIST-JOB-00474,AST-ENG-0162,SEC-ALJN-CNB-UP,ENGINEERING,DE-STRESSING_CWR_TRACK,5,0.658,1704,268,0,0,130,302.0,0,0.674,0.62,86,121,4.23
HIST-JOB-00475,AST-TRD-0131,SEC-GZB-ALJN-UP,TRD,CROSSOVER_OHE_DROPPERS_MAINTENANCE,4,0.702,1384,321,1,1,140,106.0,0,0.698,0.501,64,98,2.88
HIST-JOB-00476,AST-S_A-0070,SEC-GZB-ALJN-DN,S_AND_T,POINT_MACHINE_MOTOR_OVERHAUL,5,0.5,1892,213,2,2,140,106.0,0,1.313,0.7,42,86,5.26
HIST-JOB-00477,AST-TRD-0285,SEC-NDLS-GZB-UP,TRD,TRACTION_TRANSFORMER_OIL_TEST,4,0.98,1349,21,1,1,130,25.5,0,0.945,0.342,59,86,1.45
HIST-JOB-00478,AST-ENG-0120,SEC-NDLS-GZB-UP,ENGINEERING,RAIL_FASTENING_REPLACEMENT,3,0.852,214,245,0,0,130,25.5,0,0.5,0.342,40,50,1.45
HIST-JOB-00479,AST-TRD-0154,SEC-GZB-ALJN-UP,TRD,CANTILEVER_ADJUSTMENT,3,0.957,950,49,1,1,140,106.0,1,1.212,0.257,55,68,0.87
HIST-JOB-00480,AST-ENG-0062,SEC-ALJN-CNB-DN,ENGINEERING,TURNOUT_SWITCH_RENEWAL,5,0.966,1622,50,0,2,130,302.0,0,0.562,0.354,65,103,1.54
HIST-JOB-00481,AST-TRD-0277,SEC-ALJN-CNB-DN,TRD,INSULATOR_WASHING_AND_REPLACEMENT,4,0.563,106,334,1,1,130,302.0,0,0.805,0.587,33,65,3.83
HIST-JOB-00482,AST-ENG-0295,SEC-GZB-ALJN-UP,ENGINEERING,RAIL_FASTENING_REPLACEMENT,3,0.932,2117,123,0,0,140,106.0,0,0.758,0.318,36,59,1.27
HIST-JOB-00483,AST-ENG-0135,SEC-NDLS-GZB-DN,ENGINEERING,TRACK_TAMPING_AND_ALIGNMENT,4,0.962,666,77,0,3,130,25.5,0,0.6,0.325,99,137,1.32
HIST-JOB-00484,AST-ENG-0250,SEC-GZB-ALJN-DN,ENGINEERING,TRACK_TAMPING_AND_ALIGNMENT,4,0.582,2115,232,0,3,140,106.0,1,1.244,0.555,99,131,3.47
HIST-JOB-00485,AST-S_A-0058,SEC-ALJN-CNB-DN,S_AND_T,TRACK_CIRCUIT_TUNING_AND_CALIBRATION,5,0.804,1068,134,2,2,130,302.0,0,0.711,0.564,45,55,3.57
HIST-JOB-00486,AST-S_A-0180,SEC-GZB-ALJN-DN,S_AND_T,AXLE_COUNTER_OUTDOOR_HEAD_TESTING,4,0.687,1556,188,2,2,140,106.0,0,1.188,0.533,31,45,3.22
HIST-JOB-00487,AST-S_A-0028,SEC-ALJN-CNB-UP,S_AND_T,SIGNAL_LED_ASPECT_REPLACEMENT,3,0.881,1016,112,2,0,130,302.0,0,1.046,0.304,20,38,1.17
HIST-JOB-00488,AST-TRD-0012,SEC-ALJN-CNB-UP,TRD,INSULATOR_WASHING_AND_REPLACEMENT,4,0.863,664,157,1,1,130,302.0,1,0.866,0.406,46,70,1.97
HIST-JOB-00489,AST-TRD-0299,SEC-NDLS-GZB-DN,TRD,CROSSOVER_OHE_DROPPERS_MAINTENANCE,4,0.553,1119,290,1,1,130,25.5,1,0.989,0.54,47,87,3.3
HIST-JOB-00490,AST-ENG-0005,SEC-GZB-ALJN-UP,ENGINEERING,TURNOUT_SWITCH_RENEWAL,5,0.909,757,40,0,2,140,106.0,0,1.043,0.506,53,104,2.93
HIST-JOB-00491,AST-ENG-0261,SEC-GZB-ALJN-DN,ENGINEERING,TRACK_TAMPING_AND_ALIGNMENT,4,0.874,1535,65,0,3,140,106.0,0,0.803,0.455,89,137,2.42
HIST-JOB-00492,AST-ENG-0012,SEC-GZB-ALJN-UP,ENGINEERING,BALLAST_CLEANING_BCM,3,0.609,2045,315,0,3,140,106.0,0,1.06,0.471,116,162,2.58
HIST-JOB-00493,AST-ENG-0155,SEC-NDLS-GZB-DN,ENGINEERING,TURNOUT_SWITCH_RENEWAL,5,0.526,2066,211,0,2,130,25.5,0,1.188,0.684,63,110,5.05
HIST-JOB-00494,AST-TRD-0144,SEC-ALJN-CNB-UP,TRD,INSULATOR_WASHING_AND_REPLACEMENT,4,0.885,1189,41,1,1,130,302.0,0,0.952,0.345,32,72,1.47
HIST-JOB-00495,AST-TRD-0117,SEC-NDLS-GZB-DN,TRD,INSULATOR_WASHING_AND_REPLACEMENT,4,0.965,622,54,1,1,130,25.5,0,0.864,0.336,52,76,1.4
HIST-JOB-00496,AST-S_A-0106,SEC-NDLS-GZB-DN,S_AND_T,AXLE_COUNTER_OUTDOOR_HEAD_TESTING,4,0.853,685,228,2,2,130,25.5,0,0.699,0.396,39,49,1.89
HIST-JOB-00497,AST-ENG-0290,SEC-ALJN-CNB-UP,ENGINEERING,RAIL_FASTENING_REPLACEMENT,3,0.877,625,168,0,0,130,302.0,0,0.566,0.29,35,45,1.08
HIST-JOB-00498,AST-ENG-0016,SEC-GZB-ALJN-UP,ENGINEERING,DE-STRESSING_CWR_TRACK,5,0.666,337,295,0,0,140,106.0,1,0.504,0.591,76,133,3.88
HIST-JOB-00499,AST-TRD-0137,SEC-GZB-ALJN-DN,TRD,CROSSOVER_OHE_DROPPERS_MAINTENANCE,4,0.838,1181,87,1,1,140,106.0,1,1.206,0.42,66,94,2.1
HIST-JOB-00500,AST-TRD-0258,SEC-ALJN-CNB-UP,TRD,INSULATOR_WASHING_AND_REPLACEMENT,4,0.82,1011,128,1,1,130,302.0,0,0.883,0.402,47,59,1.94
HIST-JOB-00501,AST-S_A-0139,SEC-ALJN-CNB-DN,S_AND_T,INTERLOCKING_CABLE_MEGGERING,4,0.634,1647,261,2,0,130,302.0,0,0.906,0.522,45,55,3.1
HIST-JOB-00502,AST-S_A-0167,SEC-NDLS-GZB-DN,S_AND_T,AXLE_COUNTER_OUTDOOR_HEAD_TESTING,4,0.913,890,114,2,2,130,25.5,0,1.024,0.4,41,55,1.92
HIST-JOB-00503,AST-S_A-0020,SEC-NDLS-GZB-DN,S_AND_T,SIGNAL_LED_ASPECT_REPLACEMENT,3,0.917,1618,170,2,0,130,25.5,0,0.611,0.234,34,51,0.73
HIST-JOB-00504,AST-ENG-0199,SEC-GZB-ALJN-DN,ENGINEERING,BALLAST_CLEANING_BCM,3,0.975,1931,31,0,3,140,106.0,0,1.365,0.239,103,162,0.76
HIST-JOB-00505,AST-ENG-0265,SEC-NDLS-GZB-DN,ENGINEERING,TURNOUT_SWITCH_RENEWAL,5,0.772,1307,156,0,2,130,25.5,0,0.936,0.506,53,112,2.93
HIST-JOB-00506,AST-ENG-0202,SEC-GZB-ALJN-DN,ENGINEERING,RAIL_FASTENING_REPLACEMENT,3,0.931,1910,56,0,0,140,106.0,0,1.063,0.267,39,49,0.93
HIST-JOB-00507,AST-S_A-0064,SEC-GZB-ALJN-UP,S_AND_T,AXLE_COUNTER_OUTDOOR_HEAD_TESTING,4,0.707,887,242,2,2,140,106.0,0,0.85,0.518,27,62,3.06
HIST-JOB-00508,AST-ENG-0082,SEC-NDLS-GZB-UP,ENGINEERING,TRACK_TAMPING_AND_ALIGNMENT,4,0.422,1900,334,0,3,130,25.5,0,1.119,0.695,98,144,5.19
HIST-JOB-00509,AST-S_A-0027,SEC-ALJN-CNB-UP,S_AND_T,TRACK_CIRCUIT_TUNING_AND_CALIBRATION,5,0.671,1432,299,2,2,130,302.0,1,0.687,0.639,31,50,4.47
HIST-JOB-00510,AST-S_A-0130,SEC-GZB-ALJN-UP,S_AND_T,AXLE_COUNTER_OUTDOOR_HEAD_TESTING,4,0.771,1327,238,2,2,140,106.0,0,0.64,0.476,28,40,2.63
HIST-JOB-00511,AST-ENG-0210,SEC-GZB-ALJN-DN,ENGINEERING,RAIL_WELD_ULTRASONIC_TESTING,4,0.669,83,321,0,0,140,106.0,0,0.706,0.535,52,74,3.24
HIST-JOB-00512,AST-S_A-0095,SEC-NDLS-GZB-UP,S_AND_T,SIGNAL_LED_ASPECT_REPLACEMENT,3,0.894,86,135,2,0,130,25.5,0,0.876,0.287,23,36,1.06
HIST-JOB-00513,AST-ENG-0056,SEC-NDLS-GZB-UP,ENGINEERING,RAIL_FASTENING_REPLACEMENT,3,0.621,192,351,0,0,130,25.5,0,0.961,0.431,24,41,2.2
HIST-JOB-00514,AST-S_A-0091,SEC-NDLS-GZB-DN,S_AND_T,AXLE_COUNTER_OUTDOOR_HEAD_TESTING,4,0.553,720,354,2,2,130,25.5,0,0.84,0.631,40,57,4.37
HIST-JOB-00515,AST-S_A-0034,SEC-ALJN-CNB-DN,S_AND_T,SIGNAL_LED_ASPECT_REPLACEMENT,3,0.867,441,163,2,0,130,302.0,0,0.5,0.292,30,52,1.09
HIST-JOB-00516,AST-TRD-0108,SEC-GZB-ALJN-DN,TRD,TRACTION_TRANSFORMER_OIL_TEST,4,0.834,611,72,1,1,140,106.0,0,1.479,0.397,58,76,1.9
HIST-JOB-00517,AST-ENG-0163,SEC-NDLS-GZB-UP,ENGINEERING,TURNOUT_SWITCH_RENEWAL,5,0.717,419,257,0,2,130,25.5,0,0.5,0.563,61,103,3.56
HIST-JOB-00518,AST-TRD-0093,SEC-ALJN-CNB-UP,TRD,CANTILEVER_ADJUSTMENT,3,0.909,1509,76,1,1,130,302.0,0,0.664,0.271,52,80,0.95
HIST-JOB-00519,AST-TRD-0213,SEC-ALJN-CNB-DN,TRD,INSULATOR_WASHING_AND_REPLACEMENT,4,0.98,544,22,1,1,130,302.0,0,0.959,0.28,38,74,1.01
HIST-JOB-00520,AST-S_A-0145,SEC-NDLS-GZB-UP,S_AND_T,AXLE_COUNTER_OUTDOOR_HEAD_TESTING,4,0.644,1427,189,2,2,130,25.5,1,1.098,0.518,28,62,3.06
HIST-JOB-00521,AST-TRD-0015,SEC-NDLS-GZB-UP,TRD,CANTILEVER_ADJUSTMENT,3,0.98,1386,13,1,1,130,25.5,0,0.894,0.272,55,84,0.96
HIST-JOB-00522,AST-ENG-0070,SEC-NDLS-GZB-DN,ENGINEERING,DE-STRESSING_CWR_TRACK,5,0.657,1413,183,0,0,130,25.5,0,1.148,0.59,73,130,3.87
HIST-JOB-00523,AST-S_A-0290,SEC-NDLS-GZB-DN,S_AND_T,INTERLOCKING_CABLE_MEGGERING,4,0.712,1432,246,2,0,130,25.5,0,0.632,0.499,48,64,2.86
HIST-JOB-00524,AST-TRD-0077,SEC-ALJN-CNB-UP,TRD,CROSSOVER_OHE_DROPPERS_MAINTENANCE,4,0.842,136,116,1,1,130,302.0,0,0.747,0.402,58,77,1.94
HIST-JOB-00525,AST-TRD-0162,SEC-NDLS-GZB-UP,TRD,CANTILEVER_ADJUSTMENT,3,0.745,739,302,1,1,130,25.5,1,0.871,0.378,46,87,1.74
HIST-JOB-00526,AST-ENG-0269,SEC-GZB-ALJN-UP,ENGINEERING,TURNOUT_SWITCH_RENEWAL,5,0.882,1755,54,0,2,140,106.0,0,0.901,0.471,61,96,2.58
HIST-JOB-00527,AST-TRD-0098,SEC-NDLS-GZB-DN,TRD,TRACTION_TRANSFORMER_OIL_TEST,4,0.934,887,57,1,1,130,25.5,0,1.334,0.353,58,74,1.53
HIST-JOB-00528,AST-TRD-0068,SEC-GZB-ALJN-DN,TRD,CROSSOVER_OHE_DROPPERS_MAINTENANCE,4,0.787,1331,177,1,1,140,106.0,0,1.019,0.495,63,96,2.82
HIST-JOB-00529,AST-TRD-0171,SEC-ALJN-CNB-DN,TRD,OHE_CONTACT_WIRE_INSPECTION,5,0.853,2199,69,1,1,130,302.0,0,1.241,0.558,71,87,3.5
HIST-JOB-00530,AST-S_A-0108,SEC-NDLS-GZB-UP,S_AND_T,SIGNAL_LED_ASPECT_REPLACEMENT,3,0.7,482,276,2,0,130,25.5,1,1.015,0.371,26,55,1.68
HIST-JOB-00531,AST-TRD-0287,SEC-NDLS-GZB-DN,TRD,CROSSOVER_OHE_DROPPERS_MAINTENANCE,4,0.662,1367,235,1,1,130,25.5,1,1.071,0.511,50,75,2.99
HIST-JOB-00532,AST-ENG-0126,SEC-NDLS-GZB-DN,ENGINEERING,BALLAST_CLEANING_BCM,3,0.728,1494,291,0,3,130,25.5,0,0.825,0.418,111,163,2.08
HIST-JOB-00533,AST-ENG-0028,SEC-NDLS-GZB-UP,ENGINEERING,DE-STRESSING_CWR_TRACK,5,0.98,1877,35,0,0,130,25.5,0,0.801,0.435,75,122,2.24
HIST-JOB-00534,AST-ENG-0183,SEC-GZB-ALJN-DN,ENGINEERING,TRACK_TAMPING_AND_ALIGNMENT,4,0.798,1665,101,0,3,140,106.0,0,1.206,0.381,96,144,1.76
HIST-JOB-00535,AST-TRD-0234,SEC-GZB-ALJN-UP,TRD,TRACTION_TRANSFORMER_OIL_TEST,4,0.521,381,248,1,1,140,106.0,0,1.162,0.595,56,73,3.93
HIST-JOB-00536,AST-TRD-0187,SEC-ALJN-CNB-DN,TRD,TRACTION_TRANSFORMER_OIL_TEST,4,0.655,1966,250,1,1,130,302.0,0,0.954,0.548,61,78,3.39
HIST-JOB-00537,AST-S_A-0088,SEC-NDLS-GZB-DN,S_AND_T,TRACK_CIRCUIT_TUNING_AND_CALIBRATION,5,0.553,1390,242,2,2,130,25.5,1,0.885,0.657,42,59,4.69
HIST-JOB-00538,AST-TRD-0037,SEC-GZB-ALJN-UP,TRD,TRACTION_TRANSFORMER_OIL_TEST,4,0.662,581,270,1,1,140,106.0,0,1.007,0.556,52,87,3.48
HIST-JOB-00539,AST-TRD-0107,SEC-ALJN-CNB-UP,TRD,TRACTION_TRANSFORMER_OIL_TEST,4,0.69,1037,327,1,1,130,302.0,0,0.676,0.507,44,80,2.94
HIST-JOB-00540,AST-S_A-0059,SEC-GZB-ALJN-DN,S_AND_T,AXLE_COUNTER_OUTDOOR_HEAD_TESTING,4,0.509,1461,288,2,2,140,106.0,0,1.147,0.597,40,55,3.95
HIST-JOB-00541,AST-S_A-0168,SEC-GZB-ALJN-UP,S_AND_T,SIGNAL_LED_ASPECT_REPLACEMENT,3,0.872,781,167,2,0,140,106.0,1,0.563,0.328,36,47,1.34
HIST-JOB-00542,AST-S_A-0076,SEC-ALJN-CNB-DN,S_AND_T,INTERLOCKING_CABLE_MEGGERING,4,0.925,311,56,2,0,130,302.0,0,0.974,0.381,52,62,1.76
HIST-JOB-00543,AST-ENG-0177,SEC-GZB-ALJN-DN,ENGINEERING,RAIL_FASTENING_REPLACEMENT,3,0.901,1891,110,0,0,140,106.0,0,0.756,0.316,31,53,1.26
HIST-JOB-00544,AST-ENG-0190,SEC-ALJN-CNB-UP,ENGINEERING,TRACK_TAMPING_AND_ALIGNMENT,4,0.336,93,323,0,3,130,302.0,1,1.492,0.716,91,126,5.48
HIST-JOB-00545,AST-ENG-0163,SEC-NDLS-GZB-UP,ENGINEERING,TURNOUT_SWITCH_RENEWAL,5,0.825,1531,66,0,2,130,25.5,0,0.866,0.544,70,102,3.34
HIST-JOB-00546,AST-S_A-0197,SEC-GZB-ALJN-DN,S_AND_T,TRACK_CIRCUIT_TUNING_AND_CALIBRATION,5,0.682,1622,232,2,2,140,106.0,0,0.617,0.578,33,62,3.73
HIST-JOB-00547,AST-S_A-0224,SEC-GZB-ALJN-DN,S_AND_T,POINT_MACHINE_MOTOR_OVERHAUL,5,0.902,574,78,2,2,140,106.0,1,1.489,0.502,57,91,2.89
HIST-JOB-00548,AST-ENG-0093,SEC-NDLS-GZB-UP,ENGINEERING,RAIL_FASTENING_REPLACEMENT,3,0.647,622,338,0,0,130,25.5,0,1.026,0.396,41,53,1.89
HIST-JOB-00549,AST-S_A-0122,SEC-ALJN-CNB-UP,S_AND_T,SIGNAL_LED_ASPECT_REPLACEMENT,3,0.911,1635,191,2,0,130,302.0,1,0.589,0.298,32,58,1.13
HIST-JOB-00550,AST-TRD-0247,SEC-GZB-ALJN-DN,TRD,CANTILEVER_ADJUSTMENT,3,0.98,1563,27,1,1,140,106.0,0,1.26,0.247,40,83,0.81
HIST-JOB-00551,AST-ENG-0040,SEC-NDLS-GZB-DN,ENGINEERING,TRACK_TAMPING_AND_ALIGNMENT,4,0.603,1204,248,0,3,130,25.5,0,0.962,0.522,89,140,3.1
HIST-JOB-00552,AST-TRD-0170,SEC-ALJN-CNB-UP,TRD,TRACTION_TRANSFORMER_OIL_TEST,4,0.733,276,185,1,1,130,302.0,0,0.968,0.479,57,88,2.66
HIST-JOB-00553,AST-S_A-0032,SEC-GZB-ALJN-UP,S_AND_T,AXLE_COUNTER_OUTDOOR_HEAD_TESTING,4,0.783,1244,95,2,2,140,106.0,0,1.434,0.516,40,50,3.04
HIST-JOB-00554,AST-S_A-0147,SEC-ALJN-CNB-UP,S_AND_T,INTERLOCKING_CABLE_MEGGERING,4,0.618,752,303,2,0,130,302.0,0,1.125,0.578,51,61,3.73
HIST-JOB-00555,AST-S_A-0058,SEC-NDLS-GZB-UP,S_AND_T,INTERLOCKING_CABLE_MEGGERING,4,0.794,1198,139,2,0,130,25.5,0,1.07,0.46,32,78,2.47
HIST-JOB-00556,AST-ENG-0093,SEC-ALJN-CNB-UP,ENGINEERING,DE-STRESSING_CWR_TRACK,5,0.202,679,347,0,0,130,302.0,1,1.15,0.897,79,125,8.22
HIST-JOB-00557,AST-ENG-0086,SEC-GZB-ALJN-UP,ENGINEERING,TURNOUT_SWITCH_RENEWAL,5,0.221,691,263,0,2,140,106.0,1,1.6,0.868,66,113,7.75
HIST-JOB-00558,AST-TRD-0205,SEC-ALJN-CNB-UP,TRD,OHE_CONTACT_WIRE_INSPECTION,5,0.908,1473,37,1,1,130,302.0,1,0.742,0.416,57,99,2.06
HIST-JOB-00559,AST-S_A-0007,SEC-GZB-ALJN-UP,S_AND_T,INTERLOCKING_CABLE_MEGGERING,4,0.865,1017,204,2,0,140,106.0,0,0.5,0.389,48,68,1.83
HIST-JOB-00560,AST-TRD-0182,SEC-GZB-ALJN-DN,TRD,TRACTION_TRANSFORMER_OIL_TEST,4,0.577,1624,357,1,1,140,106.0,0,0.773,0.608,45,87,4.08
HIST-JOB-00561,AST-S_A-0124,SEC-ALJN-CNB-UP,S_AND_T,AXLE_COUNTER_OUTDOOR_HEAD_TESTING,4,0.652,1432,148,2,2,130,302.0,0,1.43,0.527,34,54,3.16
HIST-JOB-00562,AST-TRD-0007,SEC-ALJN-CNB-UP,TRD,OHE_CONTACT_WIRE_INSPECTION,5,0.267,1442,356,1,1,130,302.0,1,1.113,0.822,52,87,7.03
HIST-JOB-00563,AST-S_A-0030,SEC-NDLS-GZB-UP,S_AND_T,AXLE_COUNTER_OUTDOOR_HEAD_TESTING,4,0.879,1499,122,2,2,130,25.5,1,0.625,0.389,41,51,1.83
HIST-JOB-00564,AST-TRD-0095,SEC-ALJN-CNB-UP,TRD,OHE_CONTACT_WIRE_INSPECTION,5,0.941,558,71,1,1,130,302.0,0,0.812,0.457,72,103,2.44
HIST-JOB-00565,AST-ENG-0083,SEC-ALJN-CNB-DN,ENGINEERING,BALLAST_CLEANING_BCM,3,0.63,370,337,0,3,130,302.0,0,1.084,0.368,112,153,1.65
HIST-JOB-00566,AST-ENG-0226,SEC-GZB-ALJN-UP,ENGINEERING,TRACK_TAMPING_AND_ALIGNMENT,4,0.528,315,205,0,3,140,106.0,0,1.236,0.667,90,130,4.82
HIST-JOB-00567,AST-ENG-0055,SEC-GZB-ALJN-DN,ENGINEERING,TRACK_TAMPING_AND_ALIGNMENT,4,0.824,1668,101,0,3,140,106.0,0,1.166,0.417,95,131,2.07
HIST-JOB-00568,AST-S_A-0255,SEC-ALJN-CNB-DN,S_AND_T,SIGNAL_LED_ASPECT_REPLACEMENT,3,0.953,1120,62,2,0,130,302.0,0,0.905,0.271,31,41,0.95
HIST-JOB-00569,AST-ENG-0252,SEC-ALJN-CNB-DN,ENGINEERING,RAIL_FASTENING_REPLACEMENT,3,0.827,1659,146,0,0,130,302.0,0,0.631,0.359,22,56,1.58
HIST-JOB-00570,AST-S_A-0291,SEC-GZB-ALJN-DN,S_AND_T,INTERLOCKING_CABLE_MEGGERING,4,0.919,1714,45,2,0,140,106.0,0,1.182,0.368,47,58,1.65
HIST-JOB-00571,AST-S_A-0104,SEC-GZB-ALJN-UP,S_AND_T,POINT_MACHINE_MOTOR_OVERHAUL,5,0.641,431,197,2,2,140,106.0,1,0.895,0.541,56,79,3.31
HIST-JOB-00572,AST-ENG-0184,SEC-ALJN-CNB-UP,ENGINEERING,DE-STRESSING_CWR_TRACK,5,0.658,221,206,0,0,130,302.0,0,0.863,0.584,75,130,3.8
HIST-JOB-00573,AST-S_A-0200,SEC-NDLS-GZB-UP,S_AND_T,INTERLOCKING_CABLE_MEGGERING,4,0.829,836,81,2,0,130,25.5,0,1.202,0.429,39,70,2.18
HIST-JOB-00574,AST-ENG-0174,SEC-ALJN-CNB-UP,ENGINEERING,TRACK_TAMPING_AND_ALIGNMENT,4,0.534,1320,265,0,3,130,302.0,0,1.013,0.588,82,126,3.84
HIST-JOB-00575,AST-ENG-0297,SEC-GZB-ALJN-UP,ENGINEERING,TURNOUT_SWITCH_RENEWAL,5,0.769,544,118,0,2,140,106.0,0,1.017,0.554,69,94,3.45
HIST-JOB-00576,AST-TRD-0125,SEC-NDLS-GZB-UP,TRD,INSULATOR_WASHING_AND_REPLACEMENT,4,0.914,211,82,1,1,130,25.5,0,0.653,0.372,51,61,1.69
HIST-JOB-00577,AST-ENG-0255,SEC-NDLS-GZB-UP,ENGINEERING,RAIL_FASTENING_REPLACEMENT,3,0.944,1318,59,0,0,130,25.5,0,1.038,0.256,25,43,0.86
HIST-JOB-00578,AST-TRD-0062,SEC-NDLS-GZB-UP,TRD,INSULATOR_WASHING_AND_REPLACEMENT,4,0.613,890,228,1,1,130,25.5,0,1.042,0.601,44,65,4.0
HIST-JOB-00579,AST-ENG-0190,SEC-GZB-ALJN-UP,ENGINEERING,RAIL_FASTENING_REPLACEMENT,3,0.518,246,313,0,0,140,106.0,0,1.229,0.534,35,45,3.23
HIST-JOB-00580,AST-ENG-0081,SEC-GZB-ALJN-DN,ENGINEERING,DE-STRESSING_CWR_TRACK,5,0.412,1057,307,0,0,140,106.0,0,1.08,0.756,91,122,6.04
HIST-JOB-00581,AST-ENG-0065,SEC-GZB-ALJN-DN,ENGINEERING,RAIL_WELD_ULTRASONIC_TESTING,4,0.488,425,343,0,0,140,106.0,0,1.026,0.607,52,82,4.07
HIST-JOB-00582,AST-TRD-0093,SEC-NDLS-GZB-DN,TRD,OHE_CONTACT_WIRE_INSPECTION,5,0.523,1169,277,1,1,130,25.5,1,0.887,0.693,53,104,5.17
HIST-JOB-00583,AST-S_A-0186,SEC-ALJN-CNB-UP,S_AND_T,INTERLOCKING_CABLE_MEGGERING,4,0.616,1293,188,2,0,130,302.0,1,1.334,0.517,48,58,3.05
HIST-JOB-00584,AST-TRD-0091,SEC-GZB-ALJN-DN,TRD,INSULATOR_WASHING_AND_REPLACEMENT,4,0.763,912,151,1,1,140,106.0,1,1.156,0.467,47,70,2.54
HIST-JOB-00585,AST-ENG-0054,SEC-ALJN-CNB-DN,ENGINEERING,DE-STRESSING_CWR_TRACK,5,0.69,1551,155,0,0,130,302.0,0,1.074,0.592,86,111,3.89
HIST-JOB-00586,AST-ENG-0228,SEC-ALJN-CNB-UP,ENGINEERING,TURNOUT_SWITCH_RENEWAL,5,0.816,780,90,0,2,130,302.0,1,1.184,0.477,59,113,2.64
HIST-JOB-00587,AST-TRD-0193,SEC-GZB-ALJN-DN,TRD,CROSSOVER_OHE_DROPPERS_MAINTENANCE,4,0.849,1394,127,1,1,140,106.0,1,1.119,0.415,60,81,2.05
HIST-JOB-00588,AST-TRD-0092,SEC-NDLS-GZB-UP,TRD,INSULATOR_WASHING_AND_REPLACEMENT,4,0.563,1989,309,1,1,130,25.5,1,0.782,0.588,51,69,3.84
HIST-JOB-00589,AST-S_A-0070,SEC-GZB-ALJN-UP,S_AND_T,TRACK_CIRCUIT_TUNING_AND_CALIBRATION,5,0.707,1528,148,2,2,140,106.0,0,1.261,0.58,28,53,3.75
HIST-JOB-00590,AST-ENG-0088,SEC-GZB-ALJN-DN,ENGINEERING,BALLAST_CLEANING_BCM,3,0.741,1938,224,0,3,140,106.0,0,1.125,0.42,121,150,2.1
HIST-JOB-00591,AST-TRD-0127,SEC-NDLS-GZB-UP,TRD,INSULATOR_WASHING_AND_REPLACEMENT,4,0.687,946,312,1,1,130,25.5,1,0.742,0.475,45,78,2.62
HIST-JOB-00592,AST-TRD-0214,SEC-GZB-ALJN-UP,TRD,INSULATOR_WASHING_AND_REPLACEMENT,4,0.548,1838,306,1,1,140,106.0,0,1.046,0.659,50,60,4.72
HIST-JOB-00593,AST-ENG-0254,SEC-NDLS-GZB-UP,ENGINEERING,TURNOUT_SWITCH_RENEWAL,5,0.927,2125,27,0,2,130,25.5,0,1.406,0.417,55,104,2.07
HIST-JOB-00594,AST-TRD-0047,SEC-NDLS-GZB-UP,TRD,INSULATOR_WASHING_AND_REPLACEMENT,4,0.397,110,364,1,1,130,25.5,1,1.113,0.609,41,62,4.1
HIST-JOB-00595,AST-ENG-0208,SEC-GZB-ALJN-DN,ENGINEERING,RAIL_WELD_ULTRASONIC_TESTING,4,0.57,1941,302,0,0,140,106.0,0,0.928,0.578,41,82,3.73
HIST-JOB-00596,AST-ENG-0017,SEC-GZB-ALJN-UP,ENGINEERING,DE-STRESSING_CWR_TRACK,5,0.48,1961,334,0,0,140,106.0,0,0.944,0.712,82,126,5.43
HIST-JOB-00597,AST-TRD-0187,SEC-GZB-ALJN-DN,TRD,TRACTION_TRANSFORMER_OIL_TEST,4,0.408,908,360,1,1,140,106.0,0,1.007,0.729,43,86,5.66
HIST-JOB-00598,AST-ENG-0035,SEC-NDLS-GZB-UP,ENGINEERING,TURNOUT_SWITCH_RENEWAL,5,0.539,1628,197,0,2,130,25.5,0,1.251,0.678,72,107,4.97
HIST-JOB-00599,AST-TRD-0116,SEC-NDLS-GZB-DN,TRD,OHE_CONTACT_WIRE_INSPECTION,5,0.257,525,342,1,1,130,25.5,1,1.183,0.775,58,108,6.32
HIST-JOB-00600,AST-TRD-0249,SEC-GZB-ALJN-UP,TRD,CROSSOVER_OHE_DROPPERS_MAINTENANCE,4,0.565,1155,267,1,1,140,106.0,1,1.08,0.559,58,89,3.51
HIST-JOB-00601,AST-ENG-0235,SEC-GZB-ALJN-DN,ENGINEERING,BALLAST_CLEANING_BCM,3,0.702,1257,241,0,3,140,106.0,0,0.906,0.38,104,151,1.75
HIST-JOB-00602,AST-ENG-0076,SEC-NDLS-GZB-UP,ENGINEERING,TRACK_TAMPING_AND_ALIGNMENT,4,0.874,1660,101,0,3,130,25.5,1,0.691,0.469,90,128,2.56
HIST-JOB-00603,AST-S_A-0216,SEC-NDLS-GZB-DN,S_AND_T,INTERLOCKING_CABLE_MEGGERING,4,0.682,152,160,2,0,130,25.5,0,1.214,0.471,47,66,2.58
HIST-JOB-00604,AST-S_A-0172,SEC-ALJN-CNB-DN,S_AND_T,SIGNAL_LED_ASPECT_REPLACEMENT,3,0.796,147,159,2,0,130,302.0,0,1.19,0.368,33,55,1.65
HIST-JOB-00605,AST-S_A-0156,SEC-ALJN-CNB-UP,S_AND_T,AXLE_COUNTER_OUTDOOR_HEAD_TESTING,4,0.746,1396,258,2,2,130,302.0,0,0.802,0.434,36,54,2.23
HIST-JOB-00606,AST-ENG-0181,SEC-GZB-ALJN-UP,ENGINEERING,RAIL_FASTENING_REPLACEMENT,3,0.882,763,143,0,0,140,106.0,0,0.786,0.339,23,44,1.43
HIST-JOB-00607,AST-TRD-0122,SEC-GZB-ALJN-DN,TRD,TRACTION_TRANSFORMER_OIL_TEST,4,0.431,718,284,1,1,140,106.0,0,1.334,0.644,46,75,4.53
HIST-JOB-00608,AST-ENG-0018,SEC-NDLS-GZB-UP,ENGINEERING,BALLAST_CLEANING_BCM,3,0.489,1356,304,0,3,130,25.5,1,1.6,0.563,119,167,3.56
HIST-JOB-00609,AST-TRD-0235,SEC-GZB-ALJN-UP,TRD,CROSSOVER_OHE_DROPPERS_MAINTENANCE,4,0.554,725,283,1,1,140,106.0,0,1.163,0.566,62,79,3.59
HIST-JOB-00610,AST-TRD-0294,SEC-NDLS-GZB-DN,TRD,CROSSOVER_OHE_DROPPERS_MAINTENANCE,4,0.388,77,289,1,1,130,25.5,0,1.533,0.683,62,84,5.03
HIST-JOB-00611,AST-ENG-0158,SEC-ALJN-CNB-UP,ENGINEERING,RAIL_FASTENING_REPLACEMENT,3,0.544,1447,362,0,0,130,302.0,1,0.924,0.54,39,49,3.3
HIST-JOB-00612,AST-ENG-0270,SEC-GZB-ALJN-DN,ENGINEERING,RAIL_WELD_ULTRASONIC_TESTING,4,0.566,962,238,0,0,140,106.0,0,1.185,0.601,43,78,4.0
HIST-JOB-00613,AST-TRD-0163,SEC-GZB-ALJN-UP,TRD,INSULATOR_WASHING_AND_REPLACEMENT,4,0.477,1884,356,1,1,140,106.0,0,1.035,0.628,38,70,4.33
HIST-JOB-00614,AST-ENG-0146,SEC-ALJN-CNB-DN,ENGINEERING,TURNOUT_SWITCH_RENEWAL,5,0.695,1538,213,0,2,130,302.0,0,0.906,0.63,63,90,4.35
HIST-JOB-00615,AST-S_A-0084,SEC-GZB-ALJN-UP,S_AND_T,POINT_MACHINE_MOTOR_OVERHAUL,5,0.843,418,120,2,2,140,106.0,0,0.903,0.49,56,79,2.77
HIST-JOB-00616,AST-S_A-0269,SEC-ALJN-CNB-DN,S_AND_T,AXLE_COUNTER_OUTDOOR_HEAD_TESTING,4,0.941,1756,81,2,2,130,302.0,1,0.732,0.321,31,55,1.29
HIST-JOB-00617,AST-TRD-0237,SEC-NDLS-GZB-UP,TRD,CROSSOVER_OHE_DROPPERS_MAINTENANCE,4,0.873,1599,55,1,1,130,25.5,0,1.305,0.439,52,92,2.27
HIST-JOB-00618,AST-ENG-0156,SEC-NDLS-GZB-DN,ENGINEERING,RAIL_FASTENING_REPLACEMENT,3,0.761,821,205,0,0,130,25.5,0,1.015,0.417,31,58,2.07
HIST-JOB-00619,AST-S_A-0148,SEC-ALJN-CNB-UP,S_AND_T,INTERLOCKING_CABLE_MEGGERING,4,0.844,70,88,2,0,130,302.0,0,0.989,0.408,47,58,1.99
HIST-JOB-00620,AST-S_A-0186,SEC-NDLS-GZB-DN,S_AND_T,AXLE_COUNTER_OUTDOOR_HEAD_TESTING,4,0.148,2074,362,2,2,130,25.5,0,1.6,0.826,37,47,7.09
HIST-JOB-00621,AST-S_A-0084,SEC-ALJN-CNB-UP,S_AND_T,INTERLOCKING_CABLE_MEGGERING,4,0.574,2009,365,2,0,130,302.0,0,0.822,0.588,32,63,3.84
HIST-JOB-00622,AST-ENG-0215,SEC-NDLS-GZB-DN,ENGINEERING,TURNOUT_SWITCH_RENEWAL,5,0.665,1369,246,0,2,130,25.5,1,0.78,0.59,60,101,3.87
HIST-JOB-00623,AST-S_A-0279,SEC-NDLS-GZB-UP,S_AND_T,POINT_MACHINE_MOTOR_OVERHAUL,5,0.587,374,273,2,2,130,25.5,0,0.924,0.662,61,75,4.76
HIST-JOB-00624,AST-TRD-0074,SEC-GZB-ALJN-UP,TRD,CROSSOVER_OHE_DROPPERS_MAINTENANCE,4,0.688,1293,148,1,1,140,106.0,1,1.33,0.465,65,86,2.52
HIST-JOB-00625,AST-ENG-0114,SEC-NDLS-GZB-DN,ENGINEERING,RAIL_WELD_ULTRASONIC_TESTING,4,0.751,2046,220,0,0,130,25.5,1,0.76,0.434,41,76,2.23
HIST-JOB-00626,AST-TRD-0179,SEC-ALJN-CNB-UP,TRD,OHE_CONTACT_WIRE_INSPECTION,5,0.388,526,223,1,1,130,302.0,1,1.463,0.77,52,100,6.25
HIST-JOB-00627,AST-TRD-0073,SEC-ALJN-CNB-DN,TRD,TRACTION_TRANSFORMER_OIL_TEST,4,0.956,1461,98,1,1,130,302.0,0,0.701,0.345,49,74,1.47
HIST-JOB-00628,AST-TRD-0010,SEC-GZB-ALJN-UP,TRD,INSULATOR_WASHING_AND_REPLACEMENT,4,0.85,573,117,1,1,140,106.0,0,0.942,0.419,35,57,2.09
HIST-JOB-00629,AST-S_A-0006,SEC-GZB-ALJN-DN,S_AND_T,INTERLOCKING_CABLE_MEGGERING,4,0.495,2163,313,2,0,140,106.0,0,1.115,0.637,34,64,4.44
HIST-JOB-00630,AST-ENG-0143,SEC-NDLS-GZB-UP,ENGINEERING,BALLAST_CLEANING_BCM,3,0.666,901,310,0,3,130,25.5,0,1.046,0.429,104,149,2.18
HIST-JOB-00631,AST-S_A-0112,SEC-GZB-ALJN-UP,S_AND_T,POINT_MACHINE_MOTOR_OVERHAUL,5,0.474,1050,268,2,2,140,106.0,0,1.157,0.703,42,86,5.3
HIST-JOB-00632,AST-TRD-0244,SEC-GZB-ALJN-UP,TRD,OHE_CONTACT_WIRE_INSPECTION,5,0.569,763,285,1,1,140,106.0,0,0.951,0.66,68,107,4.73
HIST-JOB-00633,AST-S_A-0209,SEC-ALJN-CNB-DN,S_AND_T,POINT_MACHINE_MOTOR_OVERHAUL,5,0.833,499,102,2,2,130,302.0,0,0.772,0.543,58,77,3.33
HIST-JOB-00634,AST-ENG-0021,SEC-GZB-ALJN-UP,ENGINEERING,BALLAST_CLEANING_BCM,3,0.881,566,248,0,3,140,106.0,0,0.5,0.322,111,162,1.3
HIST-JOB-00635,AST-ENG-0209,SEC-GZB-ALJN-UP,ENGINEERING,TRACK_TAMPING_AND_ALIGNMENT,4,0.652,1931,317,0,3,140,106.0,0,0.754,0.525,89,142,3.14
HIST-JOB-00636,AST-TRD-0007,SEC-GZB-ALJN-DN,TRD,TRACTION_TRANSFORMER_OIL_TEST,4,0.98,833,45,1,1,140,106.0,0,0.62,0.299,53,75,1.14
HIST-JOB-00637,AST-S_A-0087,SEC-ALJN-CNB-DN,S_AND_T,INTERLOCKING_CABLE_MEGGERING,4,0.901,408,71,2,0,130,302.0,0,1.212,0.398,35,78,1.9
HIST-JOB-00638,AST-ENG-0256,SEC-GZB-ALJN-UP,ENGINEERING,TRACK_TAMPING_AND_ALIGNMENT,4,0.703,875,183,0,3,140,106.0,0,1.198,0.553,89,138,3.44
HIST-JOB-00639,AST-TRD-0143,SEC-ALJN-CNB-DN,TRD,CANTILEVER_ADJUSTMENT,3,0.729,1699,192,1,1,130,302.0,0,1.034,0.362,52,81,1.61
HIST-JOB-00640,AST-ENG-0051,SEC-GZB-ALJN-DN,ENGINEERING,RAIL_FASTENING_REPLACEMENT,3,0.917,502,72,0,0,140,106.0,0,1.051,0.325,26,40,1.32
HIST-JOB-00641,AST-ENG-0040,SEC-NDLS-GZB-UP,ENGINEERING,TURNOUT_SWITCH_RENEWAL,5,0.647,793,205,0,2,130,25.5,0,0.942,0.591,71,93,3.88
HIST-JOB-00642,AST-S_A-0280,SEC-GZB-ALJN-DN,S_AND_T,INTERLOCKING_CABLE_MEGGERING,4,0.774,887,160,2,0,140,106.0,0,0.864,0.426,42,72,2.15
HIST-JOB-00643,AST-ENG-0091,SEC-NDLS-GZB-UP,ENGINEERING,RAIL_WELD_ULTRASONIC_TESTING,4,0.539,547,206,0,0,130,25.5,0,1.514,0.541,38,61,3.31
HIST-JOB-00644,AST-TRD-0252,SEC-ALJN-CNB-DN,TRD,TRACTION_TRANSFORMER_OIL_TEST,4,0.53,732,261,1,1,130,302.0,0,1.151,0.613,45,88,4.14
HIST-JOB-00645,AST-S_A-0165,SEC-GZB-ALJN-DN,S_AND_T,INTERLOCKING_CABLE_MEGGERING,4,0.726,288,210,2,0,140,106.0,0,0.865,0.481,43,64,2.68
HIST-JOB-00646,AST-ENG-0175,SEC-NDLS-GZB-UP,ENGINEERING,TURNOUT_SWITCH_RENEWAL,5,0.837,244,75,0,2,130,25.5,0,1.333,0.474,52,110,2.61
HIST-JOB-00647,AST-S_A-0044,SEC-NDLS-GZB-UP,S_AND_T,TRACK_CIRCUIT_TUNING_AND_CALIBRATION,5,0.882,1747,189,2,2,130,25.5,0,0.5,0.492,36,63,2.79
HIST-JOB-00648,AST-ENG-0264,SEC-GZB-ALJN-UP,ENGINEERING,TRACK_TAMPING_AND_ALIGNMENT,4,0.741,528,182,0,3,140,106.0,1,1.065,0.508,95,143,2.95
HIST-JOB-00649,AST-S_A-0106,SEC-GZB-ALJN-UP,S_AND_T,AXLE_COUNTER_OUTDOOR_HEAD_TESTING,4,0.684,151,172,2,2,140,106.0,0,1.279,0.488,37,47,2.75
HIST-JOB-00650,AST-TRD-0255,SEC-GZB-ALJN-DN,TRD,CROSSOVER_OHE_DROPPERS_MAINTENANCE,4,0.369,2119,351,1,1,140,106.0,0,1.173,0.734,60,81,5.73
HIST-JOB-00651,AST-ENG-0297,SEC-ALJN-CNB-UP,ENGINEERING,TRACK_TAMPING_AND_ALIGNMENT,4,0.568,1277,303,0,3,130,302.0,0,1.044,0.562,84,147,3.54
HIST-JOB-00652,AST-ENG-0040,SEC-ALJN-CNB-UP,ENGINEERING,BALLAST_CLEANING_BCM,3,0.885,1439,149,0,3,130,302.0,0,1.103,0.331,108,156,1.37
HIST-JOB-00653,AST-TRD-0010,SEC-ALJN-CNB-UP,TRD,TRACTION_TRANSFORMER_OIL_TEST,4,0.782,1343,112,1,1,130,302.0,0,1.089,0.431,59,75,2.2
HIST-JOB-00654,AST-ENG-0273,SEC-ALJN-CNB-UP,ENGINEERING,DE-STRESSING_CWR_TRACK,5,0.722,2104,119,0,0,130,302.0,0,1.098,0.519,80,130,3.07
HIST-JOB-00655,AST-S_A-0211,SEC-ALJN-CNB-UP,S_AND_T,AXLE_COUNTER_OUTDOOR_HEAD_TESTING,4,0.703,881,196,2,2,130,302.0,0,0.987,0.477,31,53,2.64
HIST-JOB-00656,AST-TRD-0208,SEC-NDLS-GZB-UP,TRD,CROSSOVER_OHE_DROPPERS_MAINTENANCE,4,0.66,893,221,1,1,130,25.5,1,1.043,0.549,66,82,3.4
HIST-JOB-00657,AST-TRD-0082,SEC-NDLS-GZB-UP,TRD,INSULATOR_WASHING_AND_REPLACEMENT,4,0.634,1331,247,1,1,130,25.5,0,1.035,0.448,33,61,2.36
HIST-JOB-00658,AST-TRD-0249,SEC-NDLS-GZB-DN,TRD,CANTILEVER_ADJUSTMENT,3,0.841,179,142,1,1,130,25.5,0,1.071,0.312,57,67,1.23
HIST-JOB-00659,AST-ENG-0072,SEC-NDLS-GZB-UP,ENGINEERING,RAIL_WELD_ULTRASONIC_TESTING,4,0.922,1280,42,0,0,130,25.5,0,1.067,0.392,39,72,1.85
HIST-JOB-00660,AST-TRD-0255,SEC-NDLS-GZB-UP,TRD,INSULATOR_WASHING_AND_REPLACEMENT,4,0.837,2109,71,1,1,130,25.5,0,0.851,0.41,48,63,2.01
HIST-JOB-00661,AST-ENG-0112,SEC-NDLS-GZB-DN,ENGINEERING,TRACK_TAMPING_AND_ALIGNMENT,4,0.79,1343,178,0,3,130,25.5,0,0.651,0.47,89,138,2.57
HIST-JOB-00662,AST-ENG-0252,SEC-NDLS-GZB-UP,ENGINEERING,RAIL_FASTENING_REPLACEMENT,3,0.958,777,119,0,0,130,25.5,0,0.645,0.259,40,50,0.88
HIST-JOB-00663,AST-S_A-0244,SEC-ALJN-CNB-DN,S_AND_T,POINT_MACHINE_MOTOR_OVERHAUL,5,0.431,1795,253,2,2,130,302.0,0,1.207,0.71,46,81,5.4
HIST-JOB-00664,AST-S_A-0123,SEC-GZB-ALJN-UP,S_AND_T,POINT_MACHINE_MOTOR_OVERHAUL,5,0.743,146,340,2,2,140,106.0,0,0.5,0.546,43,92,3.36
HIST-JOB-00665,AST-TRD-0202,SEC-ALJN-CNB-UP,TRD,CANTILEVER_ADJUSTMENT,3,0.749,1546,360,1,1,130,302.0,0,0.733,0.434,49,65,2.23
HIST-JOB-00666,AST-TRD-0163,SEC-GZB-ALJN-UP,TRD,CANTILEVER_ADJUSTMENT,3,0.785,429,130,1,1,140,106.0,1,1.348,0.426,51,85,2.15
HIST-JOB-00667,AST-S_A-0083,SEC-NDLS-GZB-UP,S_AND_T,AXLE_COUNTER_OUTDOOR_HEAD_TESTING,4,0.655,2073,251,2,2,130,25.5,0,0.985,0.521,35,45,3.09
HIST-JOB-00668,AST-TRD-0015,SEC-ALJN-CNB-UP,TRD,CANTILEVER_ADJUSTMENT,3,0.839,331,190,1,1,130,302.0,0,0.5,0.36,47,79,1.59
HIST-JOB-00669,AST-ENG-0081,SEC-ALJN-CNB-DN,ENGINEERING,TURNOUT_SWITCH_RENEWAL,5,0.941,617,11,0,2,130,302.0,0,0.778,0.401,54,93,1.93
HIST-JOB-00670,AST-TRD-0069,SEC-ALJN-CNB-UP,TRD,INSULATOR_WASHING_AND_REPLACEMENT,4,0.419,592,314,1,1,130,302.0,0,1.206,0.62,47,78,4.23
HIST-JOB-00671,AST-TRD-0115,SEC-NDLS-GZB-DN,TRD,CANTILEVER_ADJUSTMENT,3,0.831,1214,111,1,1,130,25.5,0,0.821,0.366,49,83,1.64
HIST-JOB-00672,AST-ENG-0206,SEC-NDLS-GZB-UP,ENGINEERING,RAIL_WELD_ULTRASONIC_TESTING,4,0.936,996,55,0,0,130,25.5,0,1.121,0.355,42,61,1.55
HIST-JOB-00673,AST-S_A-0254,SEC-ALJN-CNB-UP,S_AND_T,AXLE_COUNTER_OUTDOOR_HEAD_TESTING,4,0.876,1567,97,2,2,130,302.0,0,0.993,0.409,35,54,2.0
HIST-JOB-00674,AST-ENG-0067,SEC-NDLS-GZB-DN,ENGINEERING,BALLAST_CLEANING_BCM,3,0.957,892,107,0,3,130,25.5,0,0.959,0.248,117,157,0.81
HIST-JOB-00675,AST-S_A-0135,SEC-NDLS-GZB-DN,S_AND_T,AXLE_COUNTER_OUTDOOR_HEAD_TESTING,4,0.663,1219,356,2,2,130,25.5,0,0.5,0.529,22,49,3.18
HIST-JOB-00676,AST-TRD-0069,SEC-ALJN-CNB-UP,TRD,INSULATOR_WASHING_AND_REPLACEMENT,4,0.729,1907,137,1,1,130,302.0,0,1.146,0.516,32,70,3.04
HIST-JOB-00677,AST-TRD-0171,SEC-ALJN-CNB-DN,TRD,CROSSOVER_OHE_DROPPERS_MAINTENANCE,4,0.732,1630,226,1,1,130,302.0,1,0.862,0.479,48,76,2.66
HIST-JOB-00678,AST-TRD-0130,SEC-GZB-ALJN-DN,TRD,INSULATOR_WASHING_AND_REPLACEMENT,4,0.719,1511,320,1,1,140,106.0,0,0.808,0.459,33,55,2.46
HIST-JOB-00679,AST-S_A-0240,SEC-GZB-ALJN-UP,S_AND_T,TRACK_CIRCUIT_TUNING_AND_CALIBRATION,5,0.251,601,296,2,2,140,106.0,1,1.369,0.868,42,55,7.75
HIST-JOB-00680,AST-ENG-0144,SEC-NDLS-GZB-UP,ENGINEERING,RAIL_FASTENING_REPLACEMENT,3,0.651,1359,281,0,0,130,25.5,0,1.04,0.459,26,55,2.46
HIST-JOB-00681,AST-S_A-0285,SEC-GZB-ALJN-DN,S_AND_T,POINT_MACHINE_MOTOR_OVERHAUL,5,0.632,1140,274,2,2,140,106.0,0,0.895,0.596,57,74,3.94
HIST-JOB-00682,AST-S_A-0240,SEC-NDLS-GZB-UP,S_AND_T,SIGNAL_LED_ASPECT_REPLACEMENT,3,0.884,833,86,2,0,130,25.5,0,1.487,0.316,22,57,1.26
HIST-JOB-00683,AST-S_A-0076,SEC-NDLS-GZB-UP,S_AND_T,AXLE_COUNTER_OUTDOOR_HEAD_TESTING,4,0.455,227,236,2,2,130,25.5,0,1.572,0.618,37,47,4.21
HIST-JOB-00684,AST-ENG-0289,SEC-GZB-ALJN-UP,ENGINEERING,BALLAST_CLEANING_BCM,3,0.854,443,114,0,3,140,106.0,1,1.308,0.314,118,153,1.24
HIST-JOB-00685,AST-TRD-0014,SEC-ALJN-CNB-UP,TRD,OHE_CONTACT_WIRE_INSPECTION,5,0.583,799,223,1,1,130,302.0,0,1.023,0.67,55,95,4.86
HIST-JOB-00686,AST-TRD-0015,SEC-ALJN-CNB-DN,TRD,TRACTION_TRANSFORMER_OIL_TEST,4,0.655,559,211,1,1,130,302.0,1,0.91,0.576,52,74,3.7
HIST-JOB-00687,AST-ENG-0232,SEC-GZB-ALJN-DN,ENGINEERING,TRACK_TAMPING_AND_ALIGNMENT,4,0.379,1919,331,0,3,140,106.0,1,1.178,0.731,83,145,5.69
HIST-JOB-00688,AST-TRD-0037,SEC-ALJN-CNB-DN,TRD,CROSSOVER_OHE_DROPPERS_MAINTENANCE,4,0.891,589,118,1,1,130,302.0,0,0.907,0.345,48,98,1.47
HIST-JOB-00689,AST-S_A-0079,SEC-NDLS-GZB-UP,S_AND_T,TRACK_CIRCUIT_TUNING_AND_CALIBRATION,5,0.927,1693,55,2,2,130,25.5,0,0.874,0.464,39,54,2.51
HIST-JOB-00690,AST-ENG-0184,SEC-GZB-ALJN-UP,ENGINEERING,BALLAST_CLEANING_BCM,3,0.733,2070,231,0,3,140,106.0,0,1.022,0.333,121,149,1.38
HIST-JOB-00691,AST-ENG-0096,SEC-GZB-ALJN-UP,ENGINEERING,BALLAST_CLEANING_BCM,3,0.799,1649,253,0,3,140,106.0,1,0.711,0.356,115,156,1.56
HIST-JOB-00692,AST-S_A-0080,SEC-ALJN-CNB-DN,S_AND_T,AXLE_COUNTER_OUTDOOR_HEAD_TESTING,4,0.924,1804,57,2,2,130,302.0,0,1.336,0.372,29,60,1.69
HIST-JOB-00693,AST-S_A-0154,SEC-ALJN-CNB-UP,S_AND_T,INTERLOCKING_CABLE_MEGGERING,4,0.677,1250,249,2,0,130,302.0,0,0.791,0.453,36,59,2.4
HIST-JOB-00694,AST-TRD-0262,SEC-ALJN-CNB-UP,TRD,INSULATOR_WASHING_AND_REPLACEMENT,4,0.67,1811,161,1,1,130,302.0,0,1.209,0.502,48,58,2.89
HIST-JOB-00695,AST-S_A-0237,SEC-GZB-ALJN-DN,S_AND_T,AXLE_COUNTER_OUTDOOR_HEAD_TESTING,4,0.669,1097,191,2,2,140,106.0,0,1.305,0.518,25,63,3.06
HIST-JOB-00696,AST-ENG-0233,SEC-NDLS-GZB-DN,ENGINEERING,DE-STRESSING_CWR_TRACK,5,0.98,1669,33,0,0,130,25.5,0,1.103,0.443,90,133,2.31
HIST-JOB-00697,AST-S_A-0274,SEC-ALJN-CNB-UP,S_AND_T,SIGNAL_LED_ASPECT_REPLACEMENT,3,0.826,826,118,2,0,130,302.0,0,1.081,0.364,20,48,1.62
HIST-JOB-00698,AST-ENG-0250,SEC-NDLS-GZB-UP,ENGINEERING,RAIL_WELD_ULTRASONIC_TESTING,4,0.919,1677,69,0,0,130,25.5,0,1.38,0.372,49,81,1.69
HIST-JOB-00699,AST-TRD-0097,SEC-ALJN-CNB-UP,TRD,TRACTION_TRANSFORMER_OIL_TEST,4,0.677,1677,164,1,1,130,302.0,1,1.134,0.528,42,92,3.17
HIST-JOB-00700,AST-ENG-0045,SEC-NDLS-GZB-DN,ENGINEERING,RAIL_WELD_ULTRASONIC_TESTING,4,0.483,2030,342,0,0,130,25.5,0,1.07,0.648,54,66,4.58
HIST-JOB-00701,AST-TRD-0011,SEC-GZB-ALJN-DN,TRD,TRACTION_TRANSFORMER_OIL_TEST,4,0.873,537,95,1,1,140,106.0,0,1.156,0.436,57,85,2.24
HIST-JOB-00702,AST-S_A-0053,SEC-ALJN-CNB-UP,S_AND_T,SIGNAL_LED_ASPECT_REPLACEMENT,3,0.884,1053,113,2,0,130,302.0,0,0.764,0.364,27,37,1.62
HIST-JOB-00703,AST-S_A-0250,SEC-GZB-ALJN-DN,S_AND_T,AXLE_COUNTER_OUTDOOR_HEAD_TESTING,4,0.896,1251,28,2,2,140,106.0,0,1.237,0.348,41,61,1.5
HIST-JOB-00704,AST-TRD-0214,SEC-ALJN-CNB-DN,TRD,INSULATOR_WASHING_AND_REPLACEMENT,4,0.634,308,280,1,1,130,302.0,0,1.023,0.544,40,75,3.34
HIST-JOB-00705,AST-S_A-0177,SEC-NDLS-GZB-UP,S_AND_T,INTERLOCKING_CABLE_MEGGERING,4,0.828,1480,239,2,0,130,25.5,0,0.5,0.421,38,70,2.11
HIST-JOB-00706,AST-S_A-0151,SEC-NDLS-GZB-DN,S_AND_T,SIGNAL_LED_ASPECT_REPLACEMENT,3,0.821,2139,122,2,0,130,25.5,0,0.951,0.324,31,41,1.32
HIST-JOB-00707,AST-S_A-0045,SEC-GZB-ALJN-DN,S_AND_T,TRACK_CIRCUIT_TUNING_AND_CALIBRATION,5,0.404,1535,251,2,2,140,106.0,0,1.186,0.775,36,67,6.32
HIST-JOB-00708,AST-S_A-0121,SEC-NDLS-GZB-DN,S_AND_T,INTERLOCKING_CABLE_MEGGERING,4,0.937,769,112,2,0,130,25.5,0,0.541,0.387,47,64,1.81
HIST-JOB-00709,AST-TRD-0033,SEC-ALJN-CNB-UP,TRD,OHE_CONTACT_WIRE_INSPECTION,5,0.636,1128,192,1,1,130,302.0,0,1.046,0.61,68,86,4.11
HIST-JOB-00710,AST-TRD-0024,SEC-GZB-ALJN-DN,TRD,CROSSOVER_OHE_DROPPERS_MAINTENANCE,4,0.597,526,326,1,1,140,106.0,0,0.861,0.6,57,86,3.99
HIST-JOB-00711,AST-TRD-0053,SEC-NDLS-GZB-DN,TRD,CANTILEVER_ADJUSTMENT,3,0.885,486,35,1,1,130,25.5,0,1.308,0.338,40,68,1.42
HIST-JOB-00712,AST-ENG-0150,SEC-ALJN-CNB-UP,ENGINEERING,TURNOUT_SWITCH_RENEWAL,5,0.792,491,95,0,2,130,302.0,0,0.881,0.481,57,113,2.68
HIST-JOB-00713,AST-S_A-0213,SEC-ALJN-CNB-UP,S_AND_T,SIGNAL_LED_ASPECT_REPLACEMENT,3,0.814,691,341,2,0,130,302.0,1,0.5,0.315,23,49,1.25
HIST-JOB-00714,AST-ENG-0126,SEC-NDLS-GZB-DN,ENGINEERING,RAIL_WELD_ULTRASONIC_TESTING,4,0.632,2000,184,0,0,130,25.5,0,1.349,0.559,50,71,3.51
HIST-JOB-00715,AST-ENG-0186,SEC-ALJN-CNB-UP,ENGINEERING,RAIL_FASTENING_REPLACEMENT,3,0.81,1816,221,0,0,130,302.0,0,0.841,0.41,38,61,2.01
HIST-JOB-00716,AST-ENG-0206,SEC-GZB-ALJN-DN,ENGINEERING,RAIL_WELD_ULTRASONIC_TESTING,4,0.974,656,15,0,0,140,106.0,1,0.737,0.3,47,70,1.15
HIST-JOB-00717,AST-ENG-0215,SEC-GZB-ALJN-DN,ENGINEERING,DE-STRESSING_CWR_TRACK,5,0.253,678,304,0,0,140,106.0,1,1.391,0.888,88,119,8.08
HIST-JOB-00718,AST-S_A-0076,SEC-ALJN-CNB-DN,S_AND_T,TRACK_CIRCUIT_TUNING_AND_CALIBRATION,5,0.655,1306,170,2,2,130,302.0,0,1.126,0.605,43,64,4.05
HIST-JOB-00719,AST-S_A-0044,SEC-GZB-ALJN-DN,S_AND_T,TRACK_CIRCUIT_TUNING_AND_CALIBRATION,5,0.704,1871,186,2,2,140,106.0,0,0.677,0.617,33,54,4.19
HIST-JOB-00720,AST-ENG-0110,SEC-ALJN-CNB-UP,ENGINEERING,TURNOUT_SWITCH_RENEWAL,5,0.716,1430,209,0,2,130,302.0,1,0.717,0.522,69,99,3.1
HIST-JOB-00721,AST-ENG-0217,SEC-ALJN-CNB-UP,ENGINEERING,TRACK_TAMPING_AND_ALIGNMENT,4,0.963,715,21,0,3,130,302.0,0,0.712,0.395,89,134,1.88
HIST-JOB-00722,AST-ENG-0230,SEC-ALJN-CNB-DN,ENGINEERING,BALLAST_CLEANING_BCM,3,0.761,305,200,0,3,130,302.0,1,1.078,0.419,122,148,2.09
HIST-JOB-00723,AST-TRD-0120,SEC-ALJN-CNB-UP,TRD,TRACTION_TRANSFORMER_OIL_TEST,4,0.518,1027,307,1,1,130,302.0,0,0.977,0.551,59,89,3.42
HIST-JOB-00724,AST-S_A-0127,SEC-GZB-ALJN-UP,S_AND_T,POINT_MACHINE_MOTOR_OVERHAUL,5,0.509,1225,351,2,2,140,106.0,0,0.788,0.648,54,86,4.58
HIST-JOB-00725,AST-ENG-0032,SEC-GZB-ALJN-UP,ENGINEERING,BALLAST_CLEANING_BCM,3,0.775,1539,242,0,3,140,106.0,0,0.837,0.414,104,147,2.04
HIST-JOB-00726,AST-S_A-0266,SEC-NDLS-GZB-DN,S_AND_T,AXLE_COUNTER_OUTDOOR_HEAD_TESTING,4,0.75,2010,119,2,2,130,25.5,0,1.228,0.48,40,57,2.67
HIST-JOB-00727,AST-S_A-0259,SEC-GZB-ALJN-UP,S_AND_T,TRACK_CIRCUIT_TUNING_AND_CALIBRATION,5,0.513,1862,362,2,2,140,106.0,0,0.693,0.724,32,49,5.59
HIST-JOB-00728,AST-ENG-0243,SEC-GZB-ALJN-DN,ENGINEERING,RAIL_FASTENING_REPLACEMENT,3,0.974,1934,76,0,0,140,106.0,0,0.878,0.248,28,54,0.81
HIST-JOB-00729,AST-ENG-0268,SEC-ALJN-CNB-DN,ENGINEERING,TURNOUT_SWITCH_RENEWAL,5,0.359,546,318,0,2,130,302.0,1,1.177,0.793,61,91,6.59
HIST-JOB-00730,AST-ENG-0216,SEC-NDLS-GZB-UP,ENGINEERING,RAIL_FASTENING_REPLACEMENT,3,0.87,1581,166,0,0,130,25.5,0,0.903,0.317,26,44,1.26
HIST-JOB-00731,AST-ENG-0294,SEC-GZB-ALJN-UP,ENGINEERING,TURNOUT_SWITCH_RENEWAL,5,0.959,2062,11,0,2,140,106.0,0,1.134,0.445,65,105,2.33
HIST-JOB-00732,AST-TRD-0071,SEC-ALJN-CNB-UP,TRD,TRACTION_TRANSFORMER_OIL_TEST,4,0.7,1912,182,1,1,130,302.0,0,1.161,0.467,61,74,2.54
HIST-JOB-00733,AST-S_A-0174,SEC-GZB-ALJN-DN,S_AND_T,SIGNAL_LED_ASPECT_REPLACEMENT,3,0.924,1392,55,2,0,140,106.0,0,0.929,0.299,24,47,1.14
HIST-JOB-00734,AST-ENG-0159,SEC-ALJN-CNB-DN,ENGINEERING,TURNOUT_SWITCH_RENEWAL,5,0.771,1874,152,0,2,130,302.0,0,0.648,0.49,70,110,2.77
HIST-JOB-00735,AST-ENG-0273,SEC-ALJN-CNB-DN,ENGINEERING,BALLAST_CLEANING_BCM,3,0.711,276,301,0,3,130,302.0,0,0.848,0.364,102,148,1.62
HIST-JOB-00736,AST-ENG-0274,SEC-NDLS-GZB-UP,ENGINEERING,DE-STRESSING_CWR_TRACK,5,0.804,1186,115,0,0,130,25.5,0,0.943,0.564,86,112,3.57
HIST-JOB-00737,AST-TRD-0132,SEC-GZB-ALJN-DN,TRD,CROSSOVER_OHE_DROPPERS_MAINTENANCE,4,0.773,155,184,1,1,140,106.0,0,0.753,0.428,57,87,2.17
HIST-JOB-00738,AST-ENG-0158,SEC-NDLS-GZB-UP,ENGINEERING,TRACK_TAMPING_AND_ALIGNMENT,4,0.55,466,287,0,3,130,25.5,0,1.1,0.605,84,129,4.05
HIST-JOB-00739,AST-S_A-0212,SEC-ALJN-CNB-DN,S_AND_T,AXLE_COUNTER_OUTDOOR_HEAD_TESTING,4,0.874,1392,102,2,2,130,302.0,0,1.168,0.406,32,44,1.97
HIST-JOB-00740,AST-TRD-0261,SEC-GZB-ALJN-UP,TRD,CROSSOVER_OHE_DROPPERS_MAINTENANCE,4,0.923,1598,71,1,1,140,106.0,0,1.015,0.373,54,90,1.69
HIST-JOB-00741,AST-S_A-0284,SEC-NDLS-GZB-UP,S_AND_T,TRACK_CIRCUIT_TUNING_AND_CALIBRATION,5,0.958,1727,43,2,2,130,25.5,0,0.974,0.395,27,53,1.88
HIST-JOB-00742,AST-ENG-0073,SEC-NDLS-GZB-DN,ENGINEERING,BALLAST_CLEANING_BCM,3,0.775,574,165,0,3,130,25.5,0,1.025,0.361,118,151,1.6
HIST-JOB-00743,AST-S_A-0086,SEC-ALJN-CNB-UP,S_AND_T,POINT_MACHINE_MOTOR_OVERHAUL,5,0.223,1795,294,2,2,130,302.0,1,1.435,0.865,61,79,7.7
HIST-JOB-00744,AST-ENG-0109,SEC-NDLS-GZB-UP,ENGINEERING,RAIL_WELD_ULTRASONIC_TESTING,4,0.719,2035,149,0,0,130,25.5,0,1.003,0.455,48,80,2.42
HIST-JOB-00745,AST-TRD-0222,SEC-NDLS-GZB-UP,TRD,TRACTION_TRANSFORMER_OIL_TEST,4,0.765,346,163,1,1,130,25.5,0,1.163,0.5,59,78,2.87
HIST-JOB-00746,AST-TRD-0126,SEC-ALJN-CNB-UP,TRD,OHE_CONTACT_WIRE_INSPECTION,5,0.693,2127,172,1,1,130,302.0,0,1.207,0.536,66,93,3.25
HIST-JOB-00747,AST-TRD-0003,SEC-GZB-ALJN-UP,TRD,CROSSOVER_OHE_DROPPERS_MAINTENANCE,4,0.98,1405,18,1,1,140,106.0,0,1.155,0.346,66,90,1.48
HIST-JOB-00748,AST-ENG-0042,SEC-ALJN-CNB-DN,ENGINEERING,RAIL_WELD_ULTRASONIC_TESTING,4,0.641,770,221,0,0,130,302.0,0,0.931,0.519,49,77,3.07
HIST-JOB-00749,AST-ENG-0199,SEC-ALJN-CNB-UP,ENGINEERING,TRACK_TAMPING_AND_ALIGNMENT,4,0.258,1883,354,0,3,130,302.0,0,1.463,0.823,101,136,7.04
HIST-JOB-00750,AST-ENG-0011,SEC-ALJN-CNB-DN,ENGINEERING,DE-STRESSING_CWR_TRACK,5,0.713,94,73,0,0,130,302.0,0,1.468,0.589,79,133,3.86
HIST-JOB-00751,AST-TRD-0019,SEC-ALJN-CNB-DN,TRD,CANTILEVER_ADJUSTMENT,3,0.554,428,324,1,1,130,302.0,0,1.207,0.469,52,76,2.56
HIST-JOB-00752,AST-TRD-0257,SEC-GZB-ALJN-DN,TRD,CANTILEVER_ADJUSTMENT,3,0.98,916,13,1,1,140,106.0,0,0.678,0.304,45,83,1.17
HIST-JOB-00753,AST-S_A-0268,SEC-NDLS-GZB-DN,S_AND_T,INTERLOCKING_CABLE_MEGGERING,4,0.94,778,43,2,0,130,25.5,1,0.652,0.314,50,62,1.24
HIST-JOB-00754,AST-TRD-0219,SEC-NDLS-GZB-DN,TRD,CANTILEVER_ADJUSTMENT,3,0.664,154,364,1,1,130,25.5,0,0.782,0.404,51,65,1.96
HIST-JOB-00755,AST-ENG-0115,SEC-GZB-ALJN-UP,ENGINEERING,TURNOUT_SWITCH_RENEWAL,5,0.98,1182,72,0,2,140,106.0,0,0.5,0.398,53,113,1.9
HIST-JOB-00756,AST-ENG-0013,SEC-GZB-ALJN-UP,ENGINEERING,TURNOUT_SWITCH_RENEWAL,5,0.612,1780,282,0,2,140,106.0,1,0.746,0.634,54,108,4.4
HIST-JOB-00757,AST-TRD-0246,SEC-ALJN-CNB-DN,TRD,INSULATOR_WASHING_AND_REPLACEMENT,4,0.861,1083,110,1,1,130,302.0,0,0.913,0.417,35,55,2.07
HIST-JOB-00758,AST-S_A-0267,SEC-NDLS-GZB-UP,S_AND_T,AXLE_COUNTER_OUTDOOR_HEAD_TESTING,4,0.762,1429,138,2,2,130,25.5,0,1.185,0.497,23,50,2.84
HIST-JOB-00759,AST-TRD-0161,SEC-NDLS-GZB-UP,TRD,INSULATOR_WASHING_AND_REPLACEMENT,4,0.436,451,330,1,1,130,25.5,0,1.056,0.644,33,67,4.53
HIST-JOB-00760,AST-ENG-0029,SEC-NDLS-GZB-DN,ENGINEERING,TRACK_TAMPING_AND_ALIGNMENT,4,0.692,313,236,0,3,130,25.5,0,1.043,0.519,85,146,3.07
HIST-JOB-00761,AST-ENG-0238,SEC-GZB-ALJN-UP,ENGINEERING,TURNOUT_SWITCH_RENEWAL,5,0.697,1743,129,0,2,140,106.0,0,1.149,0.617,66,102,4.19
HIST-JOB-00762,AST-S_A-0099,SEC-ALJN-CNB-UP,S_AND_T,AXLE_COUNTER_OUTDOOR_HEAD_TESTING,4,0.786,474,183,2,2,130,302.0,1,0.669,0.412,38,50,2.03
HIST-JOB-00763,AST-ENG-0228,SEC-NDLS-GZB-UP,ENGINEERING,BALLAST_CLEANING_BCM,3,0.542,853,303,0,3,130,25.5,0,1.394,0.54,117,168,3.3
HIST-JOB-00764,AST-ENG-0160,SEC-NDLS-GZB-DN,ENGINEERING,DE-STRESSING_CWR_TRACK,5,0.961,623,32,0,0,130,25.5,0,1.212,0.433,92,121,2.22
HIST-JOB-00765,AST-ENG-0122,SEC-NDLS-GZB-DN,ENGINEERING,RAIL_FASTENING_REPLACEMENT,3,0.866,1252,198,0,0,130,25.5,0,0.666,0.356,26,41,1.56
HIST-JOB-00766,AST-ENG-0097,SEC-GZB-ALJN-DN,ENGINEERING,TURNOUT_SWITCH_RENEWAL,5,0.867,1468,110,0,2,140,106.0,1,0.944,0.473,54,100,2.6
HIST-JOB-00767,AST-S_A-0054,SEC-ALJN-CNB-DN,S_AND_T,INTERLOCKING_CABLE_MEGGERING,4,0.556,1416,306,2,0,130,302.0,0,0.9,0.562,42,60,3.54
HIST-JOB-00768,AST-S_A-0110,SEC-NDLS-GZB-UP,S_AND_T,SIGNAL_LED_ASPECT_REPLACEMENT,3,0.929,2091,122,2,0,130,25.5,0,0.909,0.262,31,54,0.9
HIST-JOB-00769,AST-TRD-0038,SEC-GZB-ALJN-DN,TRD,INSULATOR_WASHING_AND_REPLACEMENT,4,0.624,1417,202,1,1,140,106.0,0,0.94,0.551,43,55,3.42
HIST-JOB-00770,AST-S_A-0016,SEC-NDLS-GZB-UP,S_AND_T,POINT_MACHINE_MOTOR_OVERHAUL,5,0.821,531,82,2,2,130,25.5,0,1.153,0.526,53,71,3.15
HIST-JOB-00771,AST-TRD-0135,SEC-NDLS-GZB-DN,TRD,OHE_CONTACT_WIRE_INSPECTION,5,0.853,1133,99,1,1,130,25.5,1,0.963,0.468,52,90,2.55
HIST-JOB-00772,AST-ENG-0234,SEC-NDLS-GZB-UP,ENGINEERING,BALLAST_CLEANING_BCM,3,0.67,622,204,0,3,130,25.5,0,1.269,0.386,108,154,1.8
HIST-JOB-00773,AST-TRD-0273,SEC-GZB-ALJN-UP,TRD,INSULATOR_WASHING_AND_REPLACEMENT,4,0.874,1836,43,1,1,140,106.0,1,1.134,0.441,38,61,2.29
HIST-JOB-00774,AST-S_A-0097,SEC-ALJN-CNB-DN,S_AND_T,TRACK_CIRCUIT_TUNING_AND_CALIBRATION,5,0.487,1592,172,2,2,130,302.0,0,1.351,0.66,28,64,4.73
HIST-JOB-00775,AST-TRD-0042,SEC-NDLS-GZB-DN,TRD,TRACTION_TRANSFORMER_OIL_TEST,4,0.908,1207,74,1,1,130,25.5,0,0.961,0.422,48,93,2.12
HIST-JOB-00776,AST-S_A-0256,SEC-ALJN-CNB-DN,S_AND_T,INTERLOCKING_CABLE_MEGGERING,4,0.864,325,95,2,0,130,302.0,0,0.5,0.399,48,66,1.91
HIST-JOB-00777,AST-S_A-0019,SEC-NDLS-GZB-DN,S_AND_T,SIGNAL_LED_ASPECT_REPLACEMENT,3,0.777,2039,263,2,0,130,25.5,0,0.894,0.335,35,55,1.4
HIST-JOB-00778,AST-TRD-0081,SEC-NDLS-GZB-DN,TRD,OHE_CONTACT_WIRE_INSPECTION,5,0.562,891,241,1,1,130,25.5,0,1.054,0.64,64,103,4.48
HIST-JOB-00779,AST-S_A-0173,SEC-GZB-ALJN-UP,S_AND_T,POINT_MACHINE_MOTOR_OVERHAUL,5,0.737,404,161,2,2,140,106.0,0,0.872,0.532,56,86,3.21
HIST-JOB-00780,AST-S_A-0092,SEC-GZB-ALJN-DN,S_AND_T,AXLE_COUNTER_OUTDOOR_HEAD_TESTING,4,0.575,1975,231,2,2,140,106.0,0,1.08,0.604,34,44,4.04
HIST-JOB-00781,AST-S_A-0051,SEC-NDLS-GZB-DN,S_AND_T,SIGNAL_LED_ASPECT_REPLACEMENT,3,0.842,397,160,2,0,130,25.5,0,0.99,0.355,25,42,1.55
HIST-JOB-00782,AST-ENG-0141,SEC-NDLS-GZB-UP,ENGINEERING,BALLAST_CLEANING_BCM,3,0.942,1535,29,0,3,130,25.5,0,0.75,0.267,110,154,0.93
HIST-JOB-00783,AST-TRD-0297,SEC-ALJN-CNB-DN,TRD,OHE_CONTACT_WIRE_INSPECTION,5,0.964,1129,14,1,1,130,302.0,0,0.892,0.425,64,97,2.14
HIST-JOB-00784,AST-ENG-0120,SEC-GZB-ALJN-DN,ENGINEERING,RAIL_WELD_ULTRASONIC_TESTING,4,0.919,2159,86,0,0,140,106.0,0,0.798,0.352,43,75,1.53
HIST-JOB-00785,AST-S_A-0225,SEC-ALJN-CNB-DN,S_AND_T,SIGNAL_LED_ASPECT_REPLACEMENT,3,0.763,411,170,2,0,130,302.0,0,1.09,0.4,30,41,1.92
HIST-JOB-00786,AST-S_A-0182,SEC-ALJN-CNB-UP,S_AND_T,SIGNAL_LED_ASPECT_REPLACEMENT,3,0.88,183,201,2,0,130,302.0,0,0.782,0.359,20,50,1.58
HIST-JOB-00787,AST-TRD-0079,SEC-NDLS-GZB-DN,TRD,CROSSOVER_OHE_DROPPERS_MAINTENANCE,4,0.675,1712,363,1,1,130,25.5,1,0.668,0.489,48,79,2.76
HIST-JOB-00788,AST-TRD-0056,SEC-ALJN-CNB-UP,TRD,CROSSOVER_OHE_DROPPERS_MAINTENANCE,4,0.727,1661,205,1,1,130,302.0,0,0.948,0.512,53,90,3.0
HIST-JOB-00789,AST-TRD-0014,SEC-ALJN-CNB-UP,TRD,CROSSOVER_OHE_DROPPERS_MAINTENANCE,4,0.874,1307,57,1,1,130,302.0,1,1.347,0.417,66,90,2.07
HIST-JOB-00790,AST-ENG-0030,SEC-NDLS-GZB-DN,ENGINEERING,DE-STRESSING_CWR_TRACK,5,0.491,344,207,0,0,130,25.5,0,1.33,0.727,74,124,5.63
HIST-JOB-00791,AST-S_A-0036,SEC-ALJN-CNB-UP,S_AND_T,POINT_MACHINE_MOTOR_OVERHAUL,5,0.534,1742,210,2,2,130,302.0,0,1.222,0.688,57,93,5.1
HIST-JOB-00792,AST-S_A-0295,SEC-NDLS-GZB-DN,S_AND_T,TRACK_CIRCUIT_TUNING_AND_CALIBRATION,5,0.742,592,115,2,2,130,25.5,0,1.101,0.606,32,64,4.06
HIST-JOB-00793,AST-TRD-0127,SEC-ALJN-CNB-UP,TRD,TRACTION_TRANSFORMER_OIL_TEST,4,0.815,1939,151,1,1,130,302.0,0,1.116,0.459,54,89,2.46
HIST-JOB-00794,AST-TRD-0178,SEC-ALJN-CNB-UP,TRD,CROSSOVER_OHE_DROPPERS_MAINTENANCE,4,0.416,2070,245,1,1,130,302.0,1,1.6,0.672,67,89,4.89
HIST-JOB-00795,AST-TRD-0094,SEC-GZB-ALJN-DN,TRD,TRACTION_TRANSFORMER_OIL_TEST,4,0.74,777,222,1,1,140,106.0,0,0.655,0.476,56,82,2.63
HIST-JOB-00796,AST-ENG-0035,SEC-GZB-ALJN-DN,ENGINEERING,BALLAST_CLEANING_BCM,3,0.795,238,132,0,3,140,106.0,0,1.536,0.351,119,154,1.52
HIST-JOB-00797,AST-TRD-0231,SEC-GZB-ALJN-DN,TRD,OHE_CONTACT_WIRE_INSPECTION,5,0.804,556,198,1,1,140,106.0,0,0.641,0.53,62,98,3.19
HIST-JOB-00798,AST-ENG-0176,SEC-GZB-ALJN-UP,ENGINEERING,DE-STRESSING_CWR_TRACK,5,0.491,909,269,0,0,140,106.0,0,1.055,0.707,86,122,5.36
HIST-JOB-00799,AST-S_A-0281,SEC-NDLS-GZB-DN,S_AND_T,TRACK_CIRCUIT_TUNING_AND_CALIBRATION,5,0.863,529,79,2,2,130,25.5,0,0.971,0.459,29,47,2.46
HIST-JOB-00800,AST-TRD-0052,SEC-ALJN-CNB-DN,TRD,INSULATOR_WASHING_AND_REPLACEMENT,4,0.806,1852,81,1,1,130,302.0,1,1.368,0.441,32,74,2.29
HIST-JOB-00801,AST-ENG-0092,SEC-GZB-ALJN-UP,ENGINEERING,DE-STRESSING_CWR_TRACK,5,0.931,749,49,0,0,140,106.0,0,1.292,0.439,86,121,2.27
HIST-JOB-00802,AST-TRD-0053,SEC-ALJN-CNB-DN,TRD,OHE_CONTACT_WIRE_INSPECTION,5,0.331,201,355,1,1,130,302.0,1,0.967,0.795,72,101,6.62
HIST-JOB-00803,AST-S_A-0103,SEC-ALJN-CNB-DN,S_AND_T,TRACK_CIRCUIT_TUNING_AND_CALIBRATION,5,0.952,79,34,2,2,130,302.0,0,0.971,0.436,38,52,2.24
HIST-JOB-00804,AST-ENG-0050,SEC-NDLS-GZB-UP,ENGINEERING,TRACK_TAMPING_AND_ALIGNMENT,4,0.98,1787,24,0,3,130,25.5,1,0.577,0.33,84,132,1.36
HIST-JOB-00805,AST-ENG-0220,SEC-ALJN-CNB-DN,ENGINEERING,DE-STRESSING_CWR_TRACK,5,0.671,501,177,0,0,130,302.0,0,1.129,0.579,89,122,3.74
HIST-JOB-00806,AST-ENG-0200,SEC-NDLS-GZB-DN,ENGINEERING,BALLAST_CLEANING_BCM,3,0.892,935,64,0,3,130,25.5,0,1.315,0.319,112,145,1.28
HIST-JOB-00807,AST-TRD-0256,SEC-GZB-ALJN-DN,TRD,OHE_CONTACT_WIRE_INSPECTION,5,0.39,1200,342,1,1,140,106.0,1,1.068,0.76,65,94,6.1
HIST-JOB-00808,AST-ENG-0069,SEC-ALJN-CNB-DN,ENGINEERING,BALLAST_CLEANING_BCM,3,0.909,762,138,0,3,130,302.0,0,0.947,0.284,114,166,1.04
HIST-JOB-00809,AST-TRD-0196,SEC-NDLS-GZB-DN,TRD,CROSSOVER_OHE_DROPPERS_MAINTENANCE,4,0.6,1362,351,1,1,130,25.5,0,0.658,0.533,65,89,3.22
HIST-JOB-00810,AST-TRD-0220,SEC-ALJN-CNB-UP,TRD,INSULATOR_WASHING_AND_REPLACEMENT,4,0.874,114,129,1,1,130,302.0,1,1.025,0.402,39,78,1.94
HIST-JOB-00811,AST-TRD-0228,SEC-ALJN-CNB-UP,TRD,INSULATOR_WASHING_AND_REPLACEMENT,4,0.747,2102,161,1,1,130,302.0,0,1.119,0.48,39,78,2.67
HIST-JOB-00812,AST-TRD-0148,SEC-NDLS-GZB-DN,TRD,CROSSOVER_OHE_DROPPERS_MAINTENANCE,4,0.649,1199,172,1,1,130,25.5,0,1.232,0.491,60,95,2.78
HIST-JOB-00813,AST-ENG-0114,SEC-NDLS-GZB-DN,ENGINEERING,RAIL_WELD_ULTRASONIC_TESTING,4,0.781,1052,115,0,0,130,25.5,0,1.128,0.388,44,81,1.82
HIST-JOB-00814,AST-S_A-0027,SEC-ALJN-CNB-UP,S_AND_T,TRACK_CIRCUIT_TUNING_AND_CALIBRATION,5,0.833,1377,103,2,2,130,302.0,0,0.867,0.501,29,51,2.88
HIST-JOB-00815,AST-ENG-0102,SEC-NDLS-GZB-DN,ENGINEERING,RAIL_FASTENING_REPLACEMENT,3,0.86,897,130,0,0,130,25.5,0,1.109,0.292,27,63,1.09
HIST-JOB-00816,AST-TRD-0140,SEC-GZB-ALJN-DN,TRD,INSULATOR_WASHING_AND_REPLACEMENT,4,0.538,782,320,1,1,140,106.0,0,0.988,0.622,52,62,4.25
HIST-JOB-00817,AST-S_A-0247,SEC-NDLS-GZB-UP,S_AND_T,INTERLOCKING_CABLE_MEGGERING,4,0.819,1607,95,2,0,130,25.5,0,1.225,0.398,45,59,1.9
HIST-JOB-00818,AST-ENG-0090,SEC-GZB-ALJN-DN,ENGINEERING,RAIL_WELD_ULTRASONIC_TESTING,4,0.925,1810,52,0,0,140,106.0,0,1.048,0.297,41,77,1.12
HIST-JOB-00819,AST-TRD-0080,SEC-GZB-ALJN-DN,TRD,CANTILEVER_ADJUSTMENT,3,0.772,1596,297,1,1,140,106.0,1,0.732,0.368,52,71,1.65
HIST-JOB-00820,AST-TRD-0192,SEC-NDLS-GZB-UP,TRD,OHE_CONTACT_WIRE_INSPECTION,5,0.538,112,266,1,1,130,25.5,0,0.94,0.648,65,97,4.58
HIST-JOB-00821,AST-S_A-0100,SEC-GZB-ALJN-DN,S_AND_T,TRACK_CIRCUIT_TUNING_AND_CALIBRATION,5,0.816,351,219,2,2,140,106.0,1,0.737,0.581,45,55,3.76
HIST-JOB-00822,AST-S_A-0198,SEC-GZB-ALJN-UP,S_AND_T,AXLE_COUNTER_OUTDOOR_HEAD_TESTING,4,0.788,1487,270,2,2,140,106.0,0,0.5,0.406,23,60,1.97
HIST-JOB-00823,AST-S_A-0234,SEC-ALJN-CNB-DN,S_AND_T,AXLE_COUNTER_OUTDOOR_HEAD_TESTING,4,0.556,1540,333,2,2,130,302.0,0,1.006,0.584,26,48,3.8
HIST-JOB-00824,AST-ENG-0197,SEC-GZB-ALJN-UP,ENGINEERING,RAIL_FASTENING_REPLACEMENT,3,0.62,1073,318,0,0,140,106.0,1,0.942,0.447,25,42,2.35
HIST-JOB-00825,AST-S_A-0273,SEC-ALJN-CNB-DN,S_AND_T,TRACK_CIRCUIT_TUNING_AND_CALIBRATION,5,0.851,2183,106,2,2,130,302.0,0,0.539,0.502,36,61,2.89
HIST-JOB-00826,AST-S_A-0294,SEC-ALJN-CNB-UP,S_AND_T,TRACK_CIRCUIT_TUNING_AND_CALIBRATION,5,0.642,1321,220,2,2,130,302.0,0,0.894,0.547,30,65,3.38
HIST-JOB-00827,AST-S_A-0214,SEC-NDLS-GZB-DN,S_AND_T,POINT_MACHINE_MOTOR_OVERHAUL,5,0.728,1690,167,2,2,130,25.5,0,0.98,0.581,45,72,3.76
HIST-JOB-00828,AST-S_A-0094,SEC-ALJN-CNB-DN,S_AND_T,AXLE_COUNTER_OUTDOOR_HEAD_TESTING,4,0.68,1241,230,2,2,130,302.0,0,1.006,0.538,28,55,3.28
HIST-JOB-00829,AST-ENG-0056,SEC-GZB-ALJN-DN,ENGINEERING,BALLAST_CLEANING_BCM,3,0.952,883,40,0,3,140,106.0,1,0.842,0.269,115,159,0.94
HIST-JOB-00830,AST-ENG-0245,SEC-NDLS-GZB-UP,ENGINEERING,DE-STRESSING_CWR_TRACK,5,0.924,1260,53,0,0,130,25.5,0,0.545,0.462,90,117,2.49
HIST-JOB-00831,AST-S_A-0004,SEC-ALJN-CNB-DN,S_AND_T,INTERLOCKING_CABLE_MEGGERING,4,0.975,1149,13,2,0,130,302.0,1,1.002,0.308,38,71,1.2
HIST-JOB-00832,AST-S_A-0190,SEC-ALJN-CNB-UP,S_AND_T,TRACK_CIRCUIT_TUNING_AND_CALIBRATION,5,0.876,2190,146,2,2,130,302.0,0,0.62,0.46,40,55,2.47
HIST-JOB-00833,AST-TRD-0234,SEC-GZB-ALJN-UP,TRD,CROSSOVER_OHE_DROPPERS_MAINTENANCE,4,0.545,1692,203,1,1,140,106.0,0,1.243,0.53,50,75,3.19
HIST-JOB-00834,AST-S_A-0232,SEC-ALJN-CNB-DN,S_AND_T,TRACK_CIRCUIT_TUNING_AND_CALIBRATION,5,0.912,628,23,2,2,130,302.0,0,0.564,0.417,34,56,2.07
HIST-JOB-00835,AST-S_A-0228,SEC-ALJN-CNB-UP,S_AND_T,INTERLOCKING_CABLE_MEGGERING,4,0.98,1379,18,2,0,130,302.0,0,0.862,0.291,42,76,1.08
HIST-JOB-00836,AST-TRD-0052,SEC-ALJN-CNB-UP,TRD,INSULATOR_WASHING_AND_REPLACEMENT,4,0.801,2044,214,1,1,130,302.0,0,0.621,0.386,47,76,1.8
HIST-JOB-00837,AST-S_A-0155,SEC-GZB-ALJN-UP,S_AND_T,TRACK_CIRCUIT_TUNING_AND_CALIBRATION,5,0.579,2190,302,2,2,140,106.0,1,0.692,0.663,42,52,4.77
HIST-JOB-00838,AST-S_A-0046,SEC-NDLS-GZB-DN,S_AND_T,SIGNAL_LED_ASPECT_REPLACEMENT,3,0.904,1887,69,2,0,130,25.5,0,0.612,0.302,22,56,1.16
HIST-JOB-00839,AST-ENG-0064,SEC-GZB-ALJN-DN,ENGINEERING,BALLAST_CLEANING_BCM,3,0.76,1397,206,0,3,140,106.0,0,1.061,0.386,117,166,1.8
HIST-JOB-00840,AST-ENG-0034,SEC-ALJN-CNB-UP,ENGINEERING,RAIL_FASTENING_REPLACEMENT,3,0.96,2075,56,0,0,130,302.0,0,0.825,0.238,40,59,0.75
HIST-JOB-00841,AST-TRD-0133,SEC-GZB-ALJN-DN,TRD,CROSSOVER_OHE_DROPPERS_MAINTENANCE,4,0.287,1623,344,1,1,140,106.0,0,1.348,0.724,54,82,5.59
HIST-JOB-00842,AST-ENG-0189,SEC-GZB-ALJN-UP,ENGINEERING,BALLAST_CLEANING_BCM,3,0.98,419,67,0,3,140,106.0,0,0.75,0.278,105,163,1.0
HIST-JOB-00843,AST-ENG-0187,SEC-GZB-ALJN-UP,ENGINEERING,RAIL_FASTENING_REPLACEMENT,3,0.742,66,169,0,0,140,106.0,0,1.314,0.429,35,50,2.18
HIST-JOB-00844,AST-ENG-0113,SEC-ALJN-CNB-UP,ENGINEERING,RAIL_FASTENING_REPLACEMENT,3,0.882,969,64,0,0,130,302.0,0,1.117,0.334,26,49,1.39
HIST-JOB-00845,AST-S_A-0258,SEC-ALJN-CNB-DN,S_AND_T,INTERLOCKING_CABLE_MEGGERING,4,0.67,657,350,2,0,130,302.0,1,0.674,0.551,42,64,3.42
HIST-JOB-00846,AST-ENG-0171,SEC-GZB-ALJN-UP,ENGINEERING,BALLAST_CLEANING_BCM,3,0.796,2019,333,0,3,140,106.0,0,0.619,0.332,114,146,1.37
HIST-JOB-00847,AST-ENG-0082,SEC-ALJN-CNB-DN,ENGINEERING,RAIL_FASTENING_REPLACEMENT,3,0.98,981,36,0,0,130,302.0,0,1.099,0.298,34,49,1.13
HIST-JOB-00848,AST-ENG-0037,SEC-ALJN-CNB-UP,ENGINEERING,RAIL_WELD_ULTRASONIC_TESTING,4,0.747,1666,182,0,0,130,302.0,0,0.799,0.488,49,72,2.75
HIST-JOB-00849,AST-TRD-0156,SEC-GZB-ALJN-UP,TRD,TRACTION_TRANSFORMER_OIL_TEST,4,0.894,1672,59,1,1,140,106.0,0,0.946,0.418,43,92,2.08
HIST-JOB-00850,AST-S_A-0112,SEC-ALJN-CNB-DN,S_AND_T,SIGNAL_LED_ASPECT_REPLACEMENT,3,0.604,730,305,2,0,130,302.0,0,1.306,0.513,21,41,3.01
HIST-JOB-00851,AST-TRD-0087,SEC-ALJN-CNB-DN,TRD,OHE_CONTACT_WIRE_INSPECTION,5,0.407,477,357,1,1,130,302.0,0,0.862,0.769,65,106,6.23
HIST-JOB-00852,AST-ENG-0223,SEC-NDLS-GZB-UP,ENGINEERING,TURNOUT_SWITCH_RENEWAL,5,0.767,1516,252,0,2,130,25.5,0,0.518,0.549,72,100,3.4
HIST-JOB-00853,AST-ENG-0193,SEC-ALJN-CNB-DN,ENGINEERING,RAIL_FASTENING_REPLACEMENT,3,0.829,546,133,0,0,130,302.0,0,0.968,0.322,27,60,1.3
HIST-JOB-00854,AST-ENG-0063,SEC-GZB-ALJN-DN,ENGINEERING,TRACK_TAMPING_AND_ALIGNMENT,4,0.723,1625,150,0,3,140,106.0,1,1.128,0.462,85,127,2.49
HIST-JOB-00855,AST-S_A-0093,SEC-ALJN-CNB-DN,S_AND_T,INTERLOCKING_CABLE_MEGGERING,4,0.571,154,310,2,0,130,302.0,0,0.854,0.542,35,73,3.32
HIST-JOB-00856,AST-S_A-0208,SEC-GZB-ALJN-DN,S_AND_T,TRACK_CIRCUIT_TUNING_AND_CALIBRATION,5,0.73,1836,162,2,2,140,106.0,1,0.856,0.556,44,54,3.48
HIST-JOB-00857,AST-ENG-0107,SEC-GZB-ALJN-DN,ENGINEERING,RAIL_WELD_ULTRASONIC_TESTING,4,0.939,2061,42,0,0,140,106.0,0,0.709,0.317,57,67,1.26
HIST-JOB-00858,AST-ENG-0106,SEC-NDLS-GZB-DN,ENGINEERING,BALLAST_CLEANING_BCM,3,0.92,797,12,0,3,130,25.5,1,0.961,0.27,106,163,0.95
HIST-JOB-00859,AST-ENG-0217,SEC-NDLS-GZB-UP,ENGINEERING,DE-STRESSING_CWR_TRACK,5,0.917,203,53,0,0,130,25.5,0,0.549,0.485,89,115,2.72
HIST-JOB-00860,AST-ENG-0072,SEC-NDLS-GZB-DN,ENGINEERING,RAIL_WELD_ULTRASONIC_TESTING,4,0.98,1291,33,0,0,130,25.5,0,0.963,0.32,54,74,1.29
HIST-JOB-00861,AST-S_A-0019,SEC-ALJN-CNB-DN,S_AND_T,INTERLOCKING_CABLE_MEGGERING,4,0.713,1502,320,2,0,130,302.0,1,0.788,0.472,33,62,2.59
HIST-JOB-00862,AST-TRD-0066,SEC-NDLS-GZB-DN,TRD,OHE_CONTACT_WIRE_INSPECTION,5,0.842,1287,120,1,1,130,25.5,1,0.959,0.484,63,93,2.71
HIST-JOB-00863,AST-S_A-0105,SEC-NDLS-GZB-UP,S_AND_T,AXLE_COUNTER_OUTDOOR_HEAD_TESTING,4,0.736,728,214,2,2,130,25.5,0,0.815,0.409,26,57,2.0
HIST-JOB-00864,AST-ENG-0084,SEC-ALJN-CNB-DN,ENGINEERING,TRACK_TAMPING_AND_ALIGNMENT,4,0.423,1163,334,0,3,130,302.0,0,1.164,0.648,102,141,4.58
HIST-JOB-00865,AST-S_A-0281,SEC-NDLS-GZB-DN,S_AND_T,AXLE_COUNTER_OUTDOOR_HEAD_TESTING,4,0.98,1612,23,2,2,130,25.5,0,0.822,0.354,39,49,1.54
HIST-JOB-00866,AST-S_A-0141,SEC-NDLS-GZB-UP,S_AND_T,AXLE_COUNTER_OUTDOOR_HEAD_TESTING,4,0.603,1409,337,2,2,130,25.5,0,0.958,0.593,26,47,3.9
HIST-JOB-00867,AST-ENG-0251,SEC-NDLS-GZB-UP,ENGINEERING,RAIL_WELD_ULTRASONIC_TESTING,4,0.98,1610,63,0,0,130,25.5,0,0.528,0.335,46,78,1.4
HIST-JOB-00868,AST-ENG-0163,SEC-ALJN-CNB-UP,ENGINEERING,BALLAST_CLEANING_BCM,3,0.744,1489,302,0,3,130,302.0,0,0.874,0.365,103,150,1.63
HIST-JOB-00869,AST-S_A-0065,SEC-NDLS-GZB-DN,S_AND_T,TRACK_CIRCUIT_TUNING_AND_CALIBRATION,5,0.698,1709,254,2,2,130,25.5,0,0.769,0.562,31,66,3.54
HIST-JOB-00870,AST-ENG-0215,SEC-GZB-ALJN-DN,ENGINEERING,RAIL_FASTENING_REPLACEMENT,3,0.98,1155,37,0,0,140,106.0,0,0.894,0.231,29,61,0.72
HIST-JOB-00871,AST-S_A-0045,SEC-NDLS-GZB-DN,S_AND_T,SIGNAL_LED_ASPECT_REPLACEMENT,3,0.785,1979,267,2,0,130,25.5,0,0.783,0.352,24,44,1.53
HIST-JOB-00872,AST-TRD-0295,SEC-GZB-ALJN-DN,TRD,TRACTION_TRANSFORMER_OIL_TEST,4,0.858,1340,56,1,1,140,106.0,0,1.6,0.396,44,75,1.89
HIST-JOB-00873,AST-ENG-0255,SEC-NDLS-GZB-UP,ENGINEERING,TURNOUT_SWITCH_RENEWAL,5,0.922,2078,15,0,2,130,25.5,0,0.987,0.477,56,105,2.64
HIST-JOB-00874,AST-ENG-0274,SEC-GZB-ALJN-DN,ENGINEERING,BALLAST_CLEANING_BCM,3,0.694,116,325,0,3,140,106.0,1,0.938,0.476,115,167,2.63
HIST-JOB-00875,AST-S_A-0090,SEC-NDLS-GZB-DN,S_AND_T,POINT_MACHINE_MOTOR_OVERHAUL,5,0.199,233,320,2,2,130,25.5,1,1.368,0.863,58,77,7.67
HIST-JOB-00876,AST-ENG-0058,SEC-GZB-ALJN-UP,ENGINEERING,TRACK_TAMPING_AND_ALIGNMENT,4,0.574,606,273,0,3,140,106.0,0,1.048,0.583,87,136,3.79
HIST-JOB-00877,AST-TRD-0202,SEC-ALJN-CNB-DN,TRD,CROSSOVER_OHE_DROPPERS_MAINTENANCE,4,0.819,542,158,1,1,130,302.0,1,1.0,0.421,67,93,2.11
HIST-JOB-00878,AST-TRD-0004,SEC-GZB-ALJN-UP,TRD,OHE_CONTACT_WIRE_INSPECTION,5,0.98,2171,28,1,1,140,106.0,0,1.199,0.387,53,96,1.81
HIST-JOB-00879,AST-S_A-0271,SEC-GZB-ALJN-UP,S_AND_T,SIGNAL_LED_ASPECT_REPLACEMENT,3,0.907,1492,105,2,0,140,106.0,0,0.964,0.293,23,37,1.1
HIST-JOB-00880,AST-ENG-0192,SEC-GZB-ALJN-DN,ENGINEERING,RAIL_FASTENING_REPLACEMENT,3,0.779,567,259,0,0,140,106.0,0,1.019,0.375,37,52,1.71
HIST-JOB-00881,AST-TRD-0223,SEC-GZB-ALJN-UP,TRD,TRACTION_TRANSFORMER_OIL_TEST,4,0.93,1163,65,1,1,140,106.0,0,0.857,0.406,46,81,1.97
HIST-JOB-00882,AST-ENG-0083,SEC-GZB-ALJN-UP,ENGINEERING,RAIL_WELD_ULTRASONIC_TESTING,4,0.91,872,66,0,0,140,106.0,0,0.976,0.382,47,61,1.77
HIST-JOB-00883,AST-TRD-0205,SEC-GZB-ALJN-DN,TRD,OHE_CONTACT_WIRE_INSPECTION,5,0.314,546,225,1,1,140,106.0,1,1.6,0.777,56,95,6.35
HIST-JOB-00884,AST-S_A-0122,SEC-NDLS-GZB-DN,S_AND_T,TRACK_CIRCUIT_TUNING_AND_CALIBRATION,5,0.884,509,65,2,2,130,25.5,0,1.02,0.455,27,66,2.42
HIST-JOB-00885,AST-ENG-0079,SEC-ALJN-CNB-DN,ENGINEERING,TURNOUT_SWITCH_RENEWAL,5,0.485,92,232,0,2,130,302.0,1,1.127,0.685,65,97,5.06
HIST-JOB-00886,AST-ENG-0243,SEC-NDLS-GZB-DN,ENGINEERING,DE-STRESSING_CWR_TRACK,5,0.957,1211,68,0,0,130,25.5,0,1.025,0.353,85,116,1.53
HIST-JOB-00887,AST-ENG-0141,SEC-ALJN-CNB-DN,ENGINEERING,BALLAST_CLEANING_BCM,3,0.618,832,312,0,3,130,302.0,1,0.958,0.457,114,146,2.44
HIST-JOB-00888,AST-TRD-0157,SEC-NDLS-GZB-DN,TRD,OHE_CONTACT_WIRE_INSPECTION,5,0.956,1806,19,1,1,130,25.5,1,0.897,0.418,65,101,2.08
HIST-JOB-00889,AST-TRD-0215,SEC-NDLS-GZB-DN,TRD,INSULATOR_WASHING_AND_REPLACEMENT,4,0.755,2148,228,1,1,130,25.5,0,0.853,0.451,40,66,2.39
HIST-JOB-00890,AST-TRD-0242,SEC-GZB-ALJN-UP,TRD,INSULATOR_WASHING_AND_REPLACEMENT,4,0.887,254,103,1,1,140,106.0,0,0.833,0.39,38,64,1.84
HIST-JOB-00891,AST-TRD-0170,SEC-ALJN-CNB-UP,TRD,CANTILEVER_ADJUSTMENT,3,0.773,2072,196,1,1,130,302.0,0,1.129,0.369,54,69,1.66
HIST-JOB-00892,AST-S_A-0197,SEC-ALJN-CNB-DN,S_AND_T,POINT_MACHINE_MOTOR_OVERHAUL,5,0.334,1540,311,2,2,130,302.0,1,1.105,0.794,48,88,6.6
HIST-JOB-00893,AST-ENG-0229,SEC-NDLS-GZB-UP,ENGINEERING,TRACK_TAMPING_AND_ALIGNMENT,4,0.98,552,31,0,3,130,25.5,0,1.281,0.275,88,131,0.98
HIST-JOB-00894,AST-ENG-0066,SEC-NDLS-GZB-UP,ENGINEERING,BALLAST_CLEANING_BCM,3,0.853,1464,164,0,3,130,25.5,1,0.715,0.239,106,146,0.76
HIST-JOB-00895,AST-TRD-0215,SEC-GZB-ALJN-DN,TRD,OHE_CONTACT_WIRE_INSPECTION,5,0.696,1482,197,1,1,140,106.0,0,0.819,0.537,54,100,3.27
HIST-JOB-00896,AST-ENG-0204,SEC-NDLS-GZB-DN,ENGINEERING,RAIL_WELD_ULTRASONIC_TESTING,4,0.85,1182,76,0,0,130,25.5,1,1.126,0.483,43,83,2.7
HIST-JOB-00897,AST-S_A-0140,SEC-ALJN-CNB-DN,S_AND_T,INTERLOCKING_CABLE_MEGGERING,4,0.893,367,94,2,0,130,302.0,0,0.706,0.351,44,67,1.52
HIST-JOB-00898,AST-TRD-0258,SEC-NDLS-GZB-DN,TRD,OHE_CONTACT_WIRE_INSPECTION,5,0.767,74,91,1,1,130,25.5,1,1.114,0.522,68,99,3.1
HIST-JOB-00899,AST-TRD-0076,SEC-GZB-ALJN-UP,TRD,CANTILEVER_ADJUSTMENT,3,0.613,1159,292,1,1,140,106.0,0,1.126,0.488,46,66,2.75
HIST-JOB-00900,AST-TRD-0001,SEC-NDLS-GZB-DN,TRD,CANTILEVER_ADJUSTMENT,3,0.937,1167,36,1,1,130,25.5,0,1.121,0.26,54,68,0.89
HIST-JOB-00901,AST-S_A-0030,SEC-ALJN-CNB-DN,S_AND_T,POINT_MACHINE_MOTOR_OVERHAUL,5,0.546,400,291,2,2,130,302.0,0,0.811,0.671,51,80,4.88
HIST-JOB-00902,AST-ENG-0196,SEC-GZB-ALJN-UP,ENGINEERING,RAIL_WELD_ULTRASONIC_TESTING,4,0.794,958,153,0,0,140,106.0,0,1.133,0.515,55,65,3.03
HIST-JOB-00903,AST-TRD-0229,SEC-ALJN-CNB-DN,TRD,CANTILEVER_ADJUSTMENT,3,0.857,1871,122,1,1,130,302.0,0,0.79,0.317,49,69,1.26
HIST-JOB-00904,AST-TRD-0091,SEC-ALJN-CNB-DN,TRD,INSULATOR_WASHING_AND_REPLACEMENT,4,0.694,1837,198,1,1,130,302.0,0,1.151,0.531,46,60,3.2
HIST-JOB-00905,AST-TRD-0036,SEC-ALJN-CNB-UP,TRD,OHE_CONTACT_WIRE_INSPECTION,5,0.98,1215,20,1,1,130,302.0,0,0.596,0.389,71,91,1.83
HIST-JOB-00906,AST-ENG-0007,SEC-NDLS-GZB-UP,ENGINEERING,RAIL_FASTENING_REPLACEMENT,3,0.725,1806,135,0,0,130,25.5,0,1.483,0.417,38,48,2.07
HIST-JOB-00907,AST-ENG-0007,SEC-GZB-ALJN-DN,ENGINEERING,BALLAST_CLEANING_BCM,3,0.675,115,339,0,3,140,106.0,0,0.91,0.45,110,149,2.38
HIST-JOB-00908,AST-ENG-0158,SEC-NDLS-GZB-UP,ENGINEERING,RAIL_WELD_ULTRASONIC_TESTING,4,0.94,1446,53,0,0,130,25.5,0,0.947,0.389,51,65,1.83
HIST-JOB-00909,AST-TRD-0053,SEC-GZB-ALJN-DN,TRD,CROSSOVER_OHE_DROPPERS_MAINTENANCE,4,0.504,1155,331,1,1,140,106.0,1,1.048,0.612,64,84,4.13
HIST-JOB-00910,AST-S_A-0116,SEC-NDLS-GZB-DN,S_AND_T,AXLE_COUNTER_OUTDOOR_HEAD_TESTING,4,0.863,64,124,2,2,130,25.5,1,0.986,0.407,42,52,1.98
HIST-JOB-00911,AST-S_A-0040,SEC-ALJN-CNB-DN,S_AND_T,TRACK_CIRCUIT_TUNING_AND_CALIBRATION,5,0.308,520,261,2,2,130,302.0,1,1.347,0.822,36,56,7.03
HIST-JOB-00912,AST-TRD-0093,SEC-NDLS-GZB-UP,TRD,CROSSOVER_OHE_DROPPERS_MAINTENANCE,4,0.958,1536,53,1,1,130,25.5,1,1.106,0.32,63,85,1.29
HIST-JOB-00913,AST-S_A-0040,SEC-NDLS-GZB-DN,S_AND_T,AXLE_COUNTER_OUTDOOR_HEAD_TESTING,4,0.605,1235,188,2,2,130,25.5,0,1.298,0.574,33,48,3.68
HIST-JOB-00914,AST-ENG-0058,SEC-NDLS-GZB-DN,ENGINEERING,RAIL_WELD_ULTRASONIC_TESTING,4,0.809,660,173,0,0,130,25.5,0,0.86,0.461,52,62,2.48
HIST-JOB-00915,AST-S_A-0212,SEC-ALJN-CNB-DN,S_AND_T,AXLE_COUNTER_OUTDOOR_HEAD_TESTING,4,0.87,582,103,2,2,130,302.0,0,0.981,0.401,37,62,1.93
HIST-JOB-00916,AST-TRD-0118,SEC-NDLS-GZB-DN,TRD,CROSSOVER_OHE_DROPPERS_MAINTENANCE,4,0.728,1067,206,1,1,130,25.5,0,0.768,0.5,64,92,2.87
HIST-JOB-00917,AST-S_A-0286,SEC-NDLS-GZB-UP,S_AND_T,TRACK_CIRCUIT_TUNING_AND_CALIBRATION,5,0.904,958,54,2,2,130,25.5,0,0.771,0.458,27,56,2.45
HIST-JOB-00918,AST-S_A-0236,SEC-NDLS-GZB-DN,S_AND_T,INTERLOCKING_CABLE_MEGGERING,4,0.973,511,40,2,0,130,25.5,0,1.019,0.321,36,64,1.29
HIST-JOB-00919,AST-ENG-0014,SEC-ALJN-CNB-UP,ENGINEERING,RAIL_FASTENING_REPLACEMENT,3,0.786,1053,117,0,0,130,302.0,1,1.544,0.373,26,52,1.69
HIST-JOB-00920,AST-S_A-0076,SEC-GZB-ALJN-UP,S_AND_T,AXLE_COUNTER_OUTDOOR_HEAD_TESTING,4,0.905,281,64,2,2,140,106.0,0,0.925,0.367,27,40,1.65
HIST-JOB-00921,AST-S_A-0154,SEC-NDLS-GZB-DN,S_AND_T,POINT_MACHINE_MOTOR_OVERHAUL,5,0.837,1765,86,2,2,130,25.5,1,1.088,0.501,58,92,2.88
HIST-JOB-00922,AST-S_A-0017,SEC-GZB-ALJN-DN,S_AND_T,INTERLOCKING_CABLE_MEGGERING,4,0.763,1441,237,2,0,140,106.0,0,0.72,0.417,36,56,2.07
HIST-JOB-00923,AST-ENG-0257,SEC-ALJN-CNB-UP,ENGINEERING,DE-STRESSING_CWR_TRACK,5,0.292,1795,358,0,0,130,302.0,1,1.134,0.856,80,128,7.56
HIST-JOB-00924,AST-TRD-0109,SEC-ALJN-CNB-DN,TRD,TRACTION_TRANSFORMER_OIL_TEST,4,0.728,991,226,1,1,130,302.0,1,0.912,0.473,54,74,2.6
HIST-JOB-00925,AST-S_A-0028,SEC-ALJN-CNB-UP,S_AND_T,TRACK_CIRCUIT_TUNING_AND_CALIBRATION,5,0.193,376,364,2,2,130,302.0,1,1.234,0.859,39,50,7.61
HIST-JOB-00926,AST-S_A-0123,SEC-ALJN-CNB-DN,S_AND_T,POINT_MACHINE_MOTOR_OVERHAUL,5,0.79,1797,109,2,2,130,302.0,0,1.043,0.54,52,70,3.3
HIST-JOB-00927,AST-TRD-0044,SEC-NDLS-GZB-DN,TRD,TRACTION_TRANSFORMER_OIL_TEST,4,0.773,104,168,1,1,130,25.5,0,0.911,0.464,49,78,2.51
HIST-JOB-00928,AST-ENG-0204,SEC-ALJN-CNB-UP,ENGINEERING,TURNOUT_SWITCH_RENEWAL,5,0.947,2041,33,0,2,130,302.0,0,1.155,0.436,63,99,2.24
HIST-JOB-00929,AST-TRD-0077,SEC-GZB-ALJN-UP,TRD,OHE_CONTACT_WIRE_INSPECTION,5,0.284,590,355,1,1,140,106.0,1,1.005,0.855,55,101,7.54
HIST-JOB-00930,AST-ENG-0238,SEC-ALJN-CNB-UP,ENGINEERING,RAIL_WELD_ULTRASONIC_TESTING,4,0.507,1625,254,0,0,130,302.0,0,1.147,0.586,41,81,3.82
HIST-JOB-00931,AST-ENG-0268,SEC-ALJN-CNB-DN,ENGINEERING,TRACK_TAMPING_AND_ALIGNMENT,4,0.339,943,358,0,3,130,302.0,1,1.332,0.688,98,141,5.1
HIST-JOB-00932,AST-TRD-0199,SEC-GZB-ALJN-DN,TRD,CROSSOVER_OHE_DROPPERS_MAINTENANCE,4,0.813,597,183,1,1,140,106.0,0,0.647,0.473,48,97,2.6
HIST-JOB-00933,AST-TRD-0281,SEC-NDLS-GZB-DN,TRD,INSULATOR_WASHING_AND_REPLACEMENT,4,0.411,684,300,1,1,130,25.5,0,1.342,0.649,36,64,4.59
HIST-JOB-00934,AST-ENG-0187,SEC-GZB-ALJN-DN,ENGINEERING,TRACK_TAMPING_AND_ALIGNMENT,4,0.685,445,242,0,3,140,106.0,1,0.789,0.573,90,143,3.67
HIST-JOB-00935,AST-S_A-0072,SEC-NDLS-GZB-UP,S_AND_T,POINT_MACHINE_MOTOR_OVERHAUL,5,0.676,1947,142,2,2,130,25.5,0,1.355,0.677,56,90,4.96
HIST-JOB-00936,AST-ENG-0067,SEC-ALJN-CNB-UP,ENGINEERING,BALLAST_CLEANING_BCM,3,0.948,2059,30,0,3,130,302.0,0,0.94,0.29,121,166,1.08
HIST-JOB-00937,AST-S_A-0030,SEC-GZB-ALJN-UP,S_AND_T,SIGNAL_LED_ASPECT_REPLACEMENT,3,0.852,1344,201,2,0,140,106.0,0,0.651,0.356,20,54,1.56
HIST-JOB-00938,AST-TRD-0115,SEC-ALJN-CNB-DN,TRD,INSULATOR_WASHING_AND_REPLACEMENT,4,0.873,92,89,1,1,130,302.0,1,1.129,0.376,44,57,1.72
HIST-JOB-00939,AST-S_A-0056,SEC-GZB-ALJN-DN,S_AND_T,TRACK_CIRCUIT_TUNING_AND_CALIBRATION,5,0.42,1978,338,2,2,140,106.0,1,0.887,0.694,32,68,5.18
HIST-JOB-00940,AST-S_A-0244,SEC-GZB-ALJN-DN,S_AND_T,TRACK_CIRCUIT_TUNING_AND_CALIBRATION,5,0.63,877,215,2,2,140,106.0,0,0.899,0.645,42,52,4.54
HIST-JOB-00941,AST-ENG-0032,SEC-GZB-ALJN-UP,ENGINEERING,BALLAST_CLEANING_BCM,3,0.95,1984,84,0,3,140,106.0,1,0.699,0.253,121,157,0.84
HIST-JOB-00942,AST-S_A-0130,SEC-GZB-ALJN-DN,S_AND_T,POINT_MACHINE_MOTOR_OVERHAUL,5,0.895,1999,119,2,2,140,106.0,0,0.831,0.483,55,78,2.7
HIST-JOB-00943,AST-ENG-0133,SEC-NDLS-GZB-UP,ENGINEERING,DE-STRESSING_CWR_TRACK,5,0.692,394,162,0,0,130,25.5,0,1.126,0.608,78,131,4.08
HIST-JOB-00944,AST-ENG-0247,SEC-NDLS-GZB-UP,ENGINEERING,DE-STRESSING_CWR_TRACK,5,0.627,438,229,0,0,130,25.5,1,0.805,0.666,83,123,4.81
HIST-JOB-00945,AST-S_A-0102,SEC-ALJN-CNB-UP,S_AND_T,INTERLOCKING_CABLE_MEGGERING,4,0.714,1849,191,2,0,130,302.0,0,0.945,0.525,49,74,3.14
HIST-JOB-00946,AST-ENG-0078,SEC-ALJN-CNB-DN,ENGINEERING,TRACK_TAMPING_AND_ALIGNMENT,4,0.749,652,175,0,3,130,302.0,0,0.83,0.423,92,125,2.13
HIST-JOB-00947,AST-S_A-0231,SEC-NDLS-GZB-DN,S_AND_T,SIGNAL_LED_ASPECT_REPLACEMENT,3,0.877,1724,144,2,0,130,25.5,0,0.782,0.311,21,55,1.22
HIST-JOB-00948,AST-ENG-0179,SEC-NDLS-GZB-UP,ENGINEERING,BALLAST_CLEANING_BCM,3,0.84,955,106,0,3,130,25.5,1,0.997,0.354,114,151,1.54
HIST-JOB-00949,AST-TRD-0256,SEC-NDLS-GZB-DN,TRD,OHE_CONTACT_WIRE_INSPECTION,5,0.51,118,199,1,1,130,25.5,0,1.323,0.696,68,88,5.21
HIST-JOB-00950,AST-S_A-0091,SEC-GZB-ALJN-DN,S_AND_T,SIGNAL_LED_ASPECT_REPLACEMENT,3,0.77,1740,190,2,0,140,106.0,0,0.958,0.408,27,38,1.99
HIST-JOB-00951,AST-S_A-0146,SEC-GZB-ALJN-DN,S_AND_T,SIGNAL_LED_ASPECT_REPLACEMENT,3,0.791,726,287,2,0,140,106.0,0,0.778,0.343,30,55,1.46
HIST-JOB-00952,AST-ENG-0279,SEC-NDLS-GZB-UP,ENGINEERING,BALLAST_CLEANING_BCM,3,0.902,485,55,0,3,130,25.5,0,1.08,0.265,117,168,0.92
HIST-JOB-00953,AST-ENG-0196,SEC-ALJN-CNB-DN,ENGINEERING,BALLAST_CLEANING_BCM,3,0.753,193,351,0,3,130,302.0,0,0.69,0.38,116,162,1.75
HIST-JOB-00954,AST-ENG-0203,SEC-NDLS-GZB-DN,ENGINEERING,BALLAST_CLEANING_BCM,3,0.858,1983,73,0,3,130,25.5,0,1.253,0.368,122,167,1.65
HIST-JOB-00955,AST-ENG-0124,SEC-GZB-ALJN-UP,ENGINEERING,RAIL_WELD_ULTRASONIC_TESTING,4,0.416,1156,347,0,0,140,106.0,0,1.06,0.665,50,81,4.8
HIST-JOB-00956,AST-ENG-0163,SEC-GZB-ALJN-DN,ENGINEERING,RAIL_WELD_ULTRASONIC_TESTING,4,0.98,193,17,0,0,140,106.0,0,1.475,0.341,53,83,1.44
HIST-JOB-00957,AST-TRD-0220,SEC-NDLS-GZB-DN,TRD,CROSSOVER_OHE_DROPPERS_MAINTENANCE,4,0.281,1050,294,1,1,130,25.5,0,1.6,0.771,48,93,6.26
HIST-JOB-00958,AST-ENG-0065,SEC-ALJN-CNB-DN,ENGINEERING,RAIL_FASTENING_REPLACEMENT,3,0.867,1659,98,0,0,130,302.0,1,0.973,0.335,29,43,1.4
HIST-JOB-00959,AST-ENG-0006,SEC-ALJN-CNB-DN,ENGINEERING,BALLAST_CLEANING_BCM,3,0.731,1125,293,0,3,130,302.0,1,0.779,0.416,102,158,2.06
HIST-JOB-00960,AST-ENG-0184,SEC-NDLS-GZB-UP,ENGINEERING,RAIL_FASTENING_REPLACEMENT,3,0.559,382,302,0,0,130,25.5,1,1.186,0.538,36,60,3.28
HIST-JOB-00961,AST-ENG-0027,SEC-NDLS-GZB-DN,ENGINEERING,DE-STRESSING_CWR_TRACK,5,0.511,853,284,0,0,130,25.5,0,0.898,0.719,84,118,5.52
HIST-JOB-00962,AST-TRD-0063,SEC-NDLS-GZB-UP,TRD,CANTILEVER_ADJUSTMENT,3,0.875,648,331,1,1,130,25.5,0,0.661,0.328,40,79,1.34
HIST-JOB-00963,AST-ENG-0252,SEC-NDLS-GZB-DN,ENGINEERING,BALLAST_CLEANING_BCM,3,0.98,440,49,0,3,130,25.5,0,0.893,0.224,114,148,0.68
HIST-JOB-00964,AST-ENG-0231,SEC-GZB-ALJN-DN,ENGINEERING,RAIL_WELD_ULTRASONIC_TESTING,4,0.634,361,259,0,0,140,106.0,0,1.009,0.537,49,70,3.27
HIST-JOB-00965,AST-ENG-0280,SEC-NDLS-GZB-DN,ENGINEERING,DE-STRESSING_CWR_TRACK,5,0.975,188,70,0,0,130,25.5,0,0.837,0.509,91,129,2.97
HIST-JOB-00966,AST-ENG-0263,SEC-NDLS-GZB-DN,ENGINEERING,RAIL_WELD_ULTRASONIC_TESTING,4,0.843,2197,140,0,0,130,25.5,1,0.88,0.405,37,76,1.97
HIST-JOB-00967,AST-ENG-0141,SEC-NDLS-GZB-DN,ENGINEERING,RAIL_FASTENING_REPLACEMENT,3,0.956,948,25,0,0,130,25.5,0,1.083,0.257,26,48,0.87
HIST-JOB-00968,AST-S_A-0263,SEC-NDLS-GZB-DN,S_AND_T,INTERLOCKING_CABLE_MEGGERING,4,0.667,436,188,2,0,130,25.5,0,1.156,0.478,47,68,2.65
HIST-JOB-00969,AST-S_A-0250,SEC-NDLS-GZB-DN,S_AND_T,TRACK_CIRCUIT_TUNING_AND_CALIBRATION,5,0.641,1211,211,2,2,130,25.5,0,1.0,0.658,32,51,4.71
HIST-JOB-00970,AST-S_A-0220,SEC-GZB-ALJN-DN,S_AND_T,AXLE_COUNTER_OUTDOOR_HEAD_TESTING,4,0.415,1795,315,2,2,140,106.0,0,1.267,0.616,41,52,4.18
HIST-JOB-00971,AST-TRD-0151,SEC-ALJN-CNB-UP,TRD,OHE_CONTACT_WIRE_INSPECTION,5,0.771,323,240,1,1,130,302.0,0,0.678,0.541,70,98,3.31
HIST-JOB-00972,AST-S_A-0038,SEC-GZB-ALJN-DN,S_AND_T,POINT_MACHINE_MOTOR_OVERHAUL,5,0.884,182,68,2,2,140,106.0,0,1.057,0.494,53,77,2.81
HIST-JOB-00973,AST-TRD-0291,SEC-ALJN-CNB-DN,TRD,OHE_CONTACT_WIRE_INSPECTION,5,0.897,1347,72,1,1,130,302.0,0,0.903,0.508,58,99,2.95
HIST-JOB-00974,AST-TRD-0039,SEC-NDLS-GZB-DN,TRD,CROSSOVER_OHE_DROPPERS_MAINTENANCE,4,0.685,331,207,1,1,130,25.5,1,1.023,0.529,64,83,3.18
HIST-JOB-00975,AST-S_A-0062,SEC-ALJN-CNB-DN,S_AND_T,AXLE_COUNTER_OUTDOOR_HEAD_TESTING,4,0.801,1371,111,2,2,130,302.0,0,1.009,0.457,30,53,2.44
HIST-JOB-00976,AST-ENG-0295,SEC-GZB-ALJN-DN,ENGINEERING,BALLAST_CLEANING_BCM,3,0.486,760,317,0,3,140,106.0,0,1.426,0.575,111,145,3.69
HIST-JOB-00977,AST-ENG-0036,SEC-GZB-ALJN-DN,ENGINEERING,RAIL_WELD_ULTRASONIC_TESTING,4,0.98,1709,28,0,0,140,106.0,1,0.897,0.385,57,67,1.79
HIST-JOB-00978,AST-S_A-0253,SEC-NDLS-GZB-UP,S_AND_T,INTERLOCKING_CABLE_MEGGERING,4,0.832,1760,164,2,0,130,25.5,0,0.66,0.47,49,65,2.57
HIST-JOB-00979,AST-ENG-0015,SEC-GZB-ALJN-DN,ENGINEERING,TURNOUT_SWITCH_RENEWAL,5,0.625,2080,338,0,2,140,106.0,0,0.785,0.64,71,93,4.48
HIST-JOB-00980,AST-TRD-0088,SEC-NDLS-GZB-UP,TRD,INSULATOR_WASHING_AND_REPLACEMENT,4,0.913,102,81,1,1,130,25.5,0,0.974,0.388,45,62,1.82
HIST-JOB-00981,AST-ENG-0156,SEC-NDLS-GZB-DN,ENGINEERING,TRACK_TAMPING_AND_ALIGNMENT,4,0.438,80,362,0,3,130,25.5,0,0.926,0.673,85,126,4.9
HIST-JOB-00982,AST-ENG-0299,SEC-GZB-ALJN-UP,ENGINEERING,TRACK_TAMPING_AND_ALIGNMENT,4,0.491,1408,362,0,3,140,106.0,0,0.857,0.59,87,129,3.87
HIST-JOB-00983,AST-S_A-0251,SEC-NDLS-GZB-UP,S_AND_T,SIGNAL_LED_ASPECT_REPLACEMENT,3,0.56,1752,336,2,0,130,25.5,0,1.349,0.49,35,50,2.77
HIST-JOB-00984,AST-TRD-0125,SEC-GZB-ALJN-UP,TRD,CANTILEVER_ADJUSTMENT,3,0.914,2037,125,1,1,140,106.0,0,1.042,0.319,48,82,1.28
HIST-JOB-00985,AST-TRD-0054,SEC-ALJN-CNB-DN,TRD,OHE_CONTACT_WIRE_INSPECTION,5,0.708,306,118,1,1,130,302.0,0,1.589,0.596,58,100,3.94
HIST-JOB-00986,AST-TRD-0055,SEC-NDLS-GZB-DN,TRD,CROSSOVER_OHE_DROPPERS_MAINTENANCE,4,0.75,2165,170,1,1,130,25.5,0,1.014,0.444,51,91,2.32
HIST-JOB-00987,AST-ENG-0085,SEC-NDLS-GZB-DN,ENGINEERING,RAIL_FASTENING_REPLACEMENT,3,0.545,1913,327,0,0,130,25.5,1,1.214,0.461,30,53,2.48
HIST-JOB-00988,AST-TRD-0096,SEC-ALJN-CNB-UP,TRD,TRACTION_TRANSFORMER_OIL_TEST,4,0.862,478,85,1,1,130,302.0,1,0.963,0.406,42,84,1.97
HIST-JOB-00989,AST-TRD-0204,SEC-NDLS-GZB-UP,TRD,CANTILEVER_ADJUSTMENT,3,0.897,1501,145,1,1,130,25.5,0,0.696,0.33,43,69,1.36
HIST-JOB-00990,AST-S_A-0217,SEC-ALJN-CNB-UP,S_AND_T,AXLE_COUNTER_OUTDOOR_HEAD_TESTING,4,0.899,1426,37,2,2,130,302.0,1,1.214,0.391,34,63,1.84
HIST-JOB-00991,AST-TRD-0128,SEC-GZB-ALJN-UP,TRD,OHE_CONTACT_WIRE_INSPECTION,5,0.48,1190,281,1,1,140,106.0,1,1.058,0.684,53,105,5.05
HIST-JOB-00992,AST-ENG-0142,SEC-NDLS-GZB-DN,ENGINEERING,BALLAST_CLEANING_BCM,3,0.98,531,37,0,3,130,25.5,0,0.811,0.228,119,148,0.7
HIST-JOB-00993,AST-TRD-0088,SEC-ALJN-CNB-UP,TRD,INSULATOR_WASHING_AND_REPLACEMENT,4,0.879,1669,61,1,1,130,302.0,0,0.921,0.403,47,61,1.95
HIST-JOB-00994,AST-TRD-0157,SEC-GZB-ALJN-UP,TRD,OHE_CONTACT_WIRE_INSPECTION,5,0.161,1239,315,1,1,140,106.0,1,1.458,0.906,71,100,8.37
HIST-JOB-00995,AST-TRD-0172,SEC-NDLS-GZB-DN,TRD,INSULATOR_WASHING_AND_REPLACEMENT,4,0.761,827,180,1,1,130,25.5,1,0.962,0.477,47,68,2.64
HIST-JOB-00996,AST-ENG-0299,SEC-NDLS-GZB-DN,ENGINEERING,RAIL_WELD_ULTRASONIC_TESTING,4,0.967,1140,49,0,0,130,25.5,1,0.919,0.384,48,75,1.79
HIST-JOB-00997,AST-ENG-0086,SEC-GZB-ALJN-DN,ENGINEERING,RAIL_WELD_ULTRASONIC_TESTING,4,0.936,245,18,0,0,140,106.0,0,1.198,0.275,53,76,0.98
HIST-JOB-00998,AST-ENG-0132,SEC-NDLS-GZB-UP,ENGINEERING,RAIL_FASTENING_REPLACEMENT,3,0.888,469,165,0,0,130,25.5,0,0.687,0.282,33,57,1.02
HIST-JOB-00999,AST-S_A-0058,SEC-GZB-ALJN-UP,S_AND_T,INTERLOCKING_CABLE_MEGGERING,4,0.772,1504,164,2,0,140,106.0,0,0.973,0.441,51,70,2.29
HIST-JOB-01000,AST-TRD-0255,SEC-ALJN-CNB-DN,TRD,CANTILEVER_ADJUSTMENT,3,0.925,2187,337,1,1,130,302.0,0,0.5,0.296,41,76,1.12
